model,coefficient,domain_lower,domain_upper,anchor_at_unknown_response_lower,loading_per_unit_unobserved_response_increase,observed_response_sensitivity_coefficient,interpretation
g_only,intercept,-20.1852782477145,unbounded,-20.1852782477145,0.00676003828903941,-18.9974669896713,full-support coefficient source domain; lower-anchor is not an imputed estimate; observed-response fit is a sensitivity only
g_only,prior_g,1010.85421327259,unbounded,1010.85421327259,0.357178238656861,1073.6142620866,full-support coefficient source domain; lower-anchor is not an imputed estimate; observed-response fit is a sensitivity only
context_and_region,intercept,-16.9792050852865,unbounded,-16.9792050852865,0.0472981951849795,-7.9056992582537,full-support coefficient source domain; lower-anchor is not an imputed estimate; observed-response fit is a sensitivity only
context_and_region,prior_g,-271.05421922513,unbounded,-271.05421922513,0.374006374970929,-199.306259088405,full-support coefficient source domain; lower-anchor is not an imputed estimate; observed-response fit is a sensitivity only
context_and_region,baseline_population_per10000,-unbounded,0.632449285251518,0.632449285251518,-0.00083424227850276,0.472411420264729,full-support coefficient source domain; lower-anchor is not an imputed estimate; observed-response fit is a sensitivity only
context_and_region,baseline_staffed_intensity,-unbounded,-0.0945593532741877,-0.0945593532741877,-2.28401333193382e-05,-0.0989409175590648,full-support coefficient source domain; lower-anchor is not an imputed estimate; observed-response fit is a sensitivity only
context_and_region,rural_share,20.7280961287811,unbounded,20.7280961287811,0.0210157264994788,24.7596731499858,full-support coefficient source domain; lower-anchor is not an imputed estimate; observed-response fit is a sensitivity only
context_and_region,region_02,-unbounded,29.2495197529601,29.2495197529601,-0.0471234893761925,20.209528823655,full-support coefficient source domain; lower-anchor is not an imputed estimate; observed-response fit is a sensitivity only
context_and_region,region_04,-unbounded,2.2810937530564,2.2810937530564,-0.0430010037148309,-5.96805521020946,full-support coefficient source domain; lower-anchor is not an imputed estimate; observed-response fit is a sensitivity only
context_and_region,region_05,-unbounded,19.9856469864289,19.9856469864289,-0.0473503488216224,10.9021362041574,full-support coefficient source domain; lower-anchor is not an imputed estimate; observed-response fit is a sensitivity only
context_and_region,region_06,-unbounded,16.6114199316324,16.6114199316324,-0.0448970754404913,7.99853578177103,full-support coefficient source domain; lower-anchor is not an imputed estimate; observed-response fit is a sensitivity only
context_and_region,region_07,-unbounded,-0.0143405516848043,-0.0143405516848043,-0.0440784692137873,-8.4701863972516,full-support coefficient source domain; lower-anchor is not an imputed estimate; observed-response fit is a sensitivity only
context_and_region,region_08,-unbounded,12.0373773787457,12.0373773787457,-0.0424808871886706,3.88800559117111,full-support coefficient source domain; lower-anchor is not an imputed estimate; observed-response fit is a sensitivity only
context_and_region,region_09,-unbounded,-41.3236897794564,-41.3236897794564,-0.0457962239280406,-50.1090631545247,full-support coefficient source domain; lower-anchor is not an imputed estimate; observed-response fit is a sensitivity only
context_and_region,region_10,-unbounded,-3.7630316996974,-3.7630316996974,-0.0392655234422038,-11.2955803384082,full-support coefficient source domain; lower-anchor is not an imputed estimate; observed-response fit is a sensitivity only
context_and_region,region_11,-unbounded,10.1450042156195,10.1450042156195,-0.044788412631573,1.55296552563339,full-support coefficient source domain; lower-anchor is not an imputed estimate; observed-response fit is a sensitivity only
context_and_region,region_12,-unbounded,-26.6346662393057,-26.6346662393057,-0.0441346769085754,-35.101294755209,full-support coefficient source domain; lower-anchor is not an imputed estimate; observed-response fit is a sensitivity only
context_and_region,region_13,-unbounded,77.8238627139791,77.8238627139791,-0.0438355368013729,69.4146200982183,full-support coefficient source domain; lower-anchor is not an imputed estimate; observed-response fit is a sensitivity only
context_and_region,region_14,-unbounded,11.9965400436413,11.9965400436413,-0.0434209805378439,3.66682432437308,full-support coefficient source domain; lower-anchor is not an imputed estimate; observed-response fit is a sensitivity only
context_and_region,region_15,-unbounded,29.4393852793421,29.4393852793421,-0.0474337516341606,20.339874818804,full-support coefficient source domain; lower-anchor is not an imputed estimate; observed-response fit is a sensitivity only
context_and_region,region_16,-unbounded,-39.2002623170776,-39.2002623170776,-0.0451353587269859,-47.8588578261154,full-support coefficient source domain; lower-anchor is not an imputed estimate; observed-response fit is a sensitivity only
context_and_region,region_17,-unbounded,20.4789376546996,20.4789376546996,-0.0447220956105125,11.8996209697429,full-support coefficient source domain; lower-anchor is not an imputed estimate; observed-response fit is a sensitivity only
context_and_region,region_18,-unbounded,-23.2050603379404,-23.2050603379404,-0.0461131191343058,-32.0512256838092,full-support coefficient source domain; lower-anchor is not an imputed estimate; observed-response fit is a sensitivity only
context_and_region,region_19,-unbounded,20.4915868879006,20.4915868879006,-0.0468214777150627,11.5095327267189,full-support coefficient source domain; lower-anchor is not an imputed estimate; observed-response fit is a sensitivity only
