common_territory_id,historical_codes,codes_2022,joint_or_changed,source_records_2017,source_records_2022,source_records_2023,source_records_2024,source_records_2025,regions_2022,cross_region_2022,group_1_population_share_2022,group_2_population_share_2022,group_3_population_share_2022
CRT_005,005,005,false,2017:ALL:3,2022:ALL:3,2023:ALL:3,2024:ALL:3,2025:ALL:3,14,false,0,1,0
CRT_009,009,009,false,2017:ALL:4,2022:ALL:4,2023:ALL:4,2024:ALL:4,2025:ALL:4,17,false,0,0,1
CRT_010,010,010,false,2017:ALL:5,2022:ALL:5,2023:ALL:5,2024:ALL:5,2025:ALL:5,14,false,0,1,0
CRT_016,016,016,false,2017:ALL:6,2022:ALL:6,2023:ALL:6,2024:ALL:6,2025:ALL:6,07,false,0,1,0
CRT_018,018,018,false,2017:ALL:7,2022:ALL:7,2023:ALL:7,2024:ALL:7,2025:ALL:7,01,false,0,0,1
CRT_019,019,019,false,2017:ALL:8,2022:ALL:8,2023:ALL:8,2024:ALL:8,2025:ALL:8,02,false,0,0,1
CRT_020,020,020,false,2017:ALL:2,2022:ALL:2,2023:ALL:2,2024:ALL:2,2025:ALL:2,06,false,0,1,0
CRT_046,046,046,false,2017:ALL:9,2022:ALL:9,2023:ALL:9,2024:ALL:9,2025:ALL:9,10,false,0,0,1
CRT_047,047,047,false,2017:ALL:10,2022:ALL:10,2023:ALL:10,2024:ALL:10,2025:ALL:10,19,false,0,0,1
CRT_049,049,049,false,2017:ALL:11,2022:ALL:11,2023:ALL:11,2024:ALL:11,2025:ALL:11,01,false,1,0,0
CRT_050,050,050,false,2017:ALL:12,2022:ALL:12,2023:ALL:12,2024:ALL:12,2025:ALL:12,04,false,0,1,0
CRT_051,051,051,false,2017:ALL:13,2022:ALL:13,2023:ALL:13,2024:ALL:13,2025:ALL:13,04,false,0,0,1
CRT_052,052,052,false,2017:ALL:14,2022:ALL:14,2023:ALL:14,2024:ALL:14,2025:ALL:14,14,false,0,0,1
CRT_061,061,061,false,2017:ALL:15,2022:ALL:15,2023:ALL:15,2024:ALL:15,2025:ALL:15,05,false,1,0,0
CRT_069+626,069|626,069|626,true,2017:ALL:16,2022:ALL:16,2023:ALL:16,2024:ALL:16|2024:ALL:189,2025:ALL:16|2025:ALL:189,17,false,0,0.5781064082950875403705592385,0.4218935917049124596294407615
CRT_071+535,071|535,071|535,true,2017:ALL:17|2017:ALL:154,2022:ALL:17|2022:ALL:154,2023:ALL:17|2023:ALL:154,2024:ALL:17|2024:ALL:154,2025:ALL:17|2025:ALL:154,17,false,0,0.6112058322064789229231583279,0.3887941677935210770768416721
CRT_072,072,072,false,2017:ALL:18,2022:ALL:18,2023:ALL:18,2024:ALL:18,2025:ALL:18,17,false,0,0,1
CRT_074,074,074,false,2017:ALL:19,2022:ALL:19,2023:ALL:19,2024:ALL:19,2025:ALL:19,16,false,0,0,1
CRT_075,075,075,false,2017:ALL:20,2022:ALL:20,2023:ALL:20,2024:ALL:20,2025:ALL:20,08,false,1,0,0
CRT_077,077,077,false,2017:ALL:21,2022:ALL:21,2023:ALL:21,2024:ALL:21,2025:ALL:21,13,false,0,0,1
CRT_078,078,078,false,2017:ALL:22,2022:ALL:22,2023:ALL:22,2024:ALL:22,2025:ALL:22,01,false,1,0,0
CRT_079,079,079,false,2017:ALL:23,2022:ALL:23,2023:ALL:23,2024:ALL:23,2025:ALL:23,04,false,1,0,0
CRT_081,081,081,false,2017:ALL:24,2022:ALL:24,2023:ALL:24,2024:ALL:24,2025:ALL:24,07,false,0,0,1
CRT_082,082,082,false,2017:ALL:25,2022:ALL:25,2023:ALL:25,2024:ALL:25,2025:ALL:25,05,false,0,1,0
CRT_086,086,086,false,2017:ALL:26,2022:ALL:26,2023:ALL:26,2024:ALL:26,2025:ALL:26,05,false,0,0,1
CRT_090,090,090,false,2017:ALL:28,2022:ALL:28,2023:ALL:28,2024:ALL:28,2025:ALL:28,12,false,0,0,1
CRT_091,091,091,false,2017:ALL:29,2022:ALL:29,2023:ALL:29,2024:ALL:29,2025:ALL:29,01,false,1,0,0
CRT_092+753,092|753,092|753,true,2017:ALL:224|2017:ALL:262,2022:ALL:222|2022:ALL:259,2023:ALL:223|2023:ALL:260,2024:ALL:225|2024:ALL:262,2025:ALL:225|2025:ALL:262,01,false,0.9151096420756247226430396793,0.08489035792437527735696032074,0
CRT_097+491+507+588+623,097|491|507|588|623,097|491|507|588|623,true,2017:ALL:142|2017:ALL:152,2022:ALL:142|2022:ALL:152,2023:ALL:142|2023:ALL:152,2024:ALL:142|2024:ALL:152,2025:ALL:142|2025:ALL:152,10,false,0.8188973903753397539631416047,0,0.1811026096246602460368583953
CRT_098+316,098|316,098|316,true,2017:ALL:30,2022:ALL:30,2023:ALL:30,2024:ALL:30,2025:ALL:30,07,false,0,0.8447045911834644229010426194,0.1552954088165355770989573806
CRT_099+214,099|214,214,true,2017:ALL:31|2017:ALL:65,2022:ALL:65,2023:ALL:65,2024:ALL:65,2025:ALL:65,04,false,0,1,0
CRT_102,102,102,false,2017:ALL:32,2022:ALL:31,2023:ALL:31,2024:ALL:31,2025:ALL:31,04,false,0,1,0
CRT_103,103,103,false,2017:ALL:33,2022:ALL:32,2023:ALL:32,2024:ALL:32,2025:ALL:32,05,false,0,0,1
CRT_105,105,105,false,2017:ALL:34,2022:ALL:33,2023:ALL:33,2024:ALL:33,2025:ALL:33,18,false,0,0,1
CRT_106,106,106,false,2017:ALL:35,2022:ALL:34,2023:ALL:34,2024:ALL:34,2025:ALL:34,01,false,1,0,0
CRT_108,108,108,false,2017:ALL:36,2022:ALL:35,2023:ALL:35,2024:ALL:35,2025:ALL:35,06,false,0,1,0
CRT_109,109,109,false,2017:ALL:37,2022:ALL:36,2023:ALL:36,2024:ALL:36,2025:ALL:36,05,false,1,0,0
CRT_111,111,111,false,2017:ALL:27,2022:ALL:27,2023:ALL:27,2024:ALL:27,2025:ALL:27,07,false,1,0,0
CRT_139+564,139|564,139|564,true,2017:ALL:38|2017:ALL:164,2022:ALL:37|2022:ALL:164,2023:ALL:37|2023:ALL:164,2024:ALL:37|2024:ALL:164,2025:ALL:37|2025:ALL:164,17,false,0.9548352114023776217403389182,0.04516478859762237825966108182,0
CRT_140,140,140,false,2017:ALL:39,2022:ALL:38,2023:ALL:38,2024:ALL:38,2025:ALL:38,11,false,1,0,0
CRT_142,142,142,false,2017:ALL:40,2022:ALL:39,2023:ALL:39,2024:ALL:39,2025:ALL:39,07,false,0,0,1
CRT_143,143,143,false,2017:ALL:41,2022:ALL:40,2023:ALL:40,2024:ALL:40,2025:ALL:40,06,false,0,0,1
CRT_145,145,145,false,2017:ALL:42,2022:ALL:41,2023:ALL:41,2024:ALL:41,2025:ALL:41,14,false,0,1,0
CRT_146,146,146,false,2017:ALL:43,2022:ALL:42,2023:ALL:42,2024:ALL:42,2025:ALL:42,12,false,0,0,1
CRT_148,148,148,false,2017:ALL:45,2022:ALL:44,2023:ALL:44,2024:ALL:44,2025:ALL:44,19,false,0,0,1
CRT_149,149,149,false,2017:ALL:46,2022:ALL:45,2023:ALL:45,2024:ALL:45,2025:ALL:45,01,false,0,0,1
CRT_151,151,151,false,2017:ALL:47,2022:ALL:46,2023:ALL:46,2024:ALL:46,2025:ALL:46,14,false,0,0,1
CRT_152,152,152,false,2017:ALL:48,2022:ALL:47,2023:ALL:47,2024:ALL:47,2025:ALL:47,14,false,0,0,1
CRT_153,153,153,false,2017:ALL:44,2022:ALL:43,2023:ALL:43,2024:ALL:43,2025:ALL:43,09,false,1,0,0
CRT_165,165,165,false,2017:ALL:49,2022:ALL:48,2023:ALL:48,2024:ALL:48,2025:ALL:48,05,false,0,1,0
CRT_167+276+309+426+607,167|276|309|426|607,167|276|309|426|607,true,2017:ALL:50,2022:ALL:49,2023:ALL:49,2024:ALL:49,2025:ALL:49,12,false,0.6721737919994431974387082181,0.1874075620747855440135024621,0.1404186459257712585477893198
CRT_169,169,169,false,2017:ALL:51,2022:ALL:50,2023:ALL:50,2024:ALL:50,2025:ALL:50,05,false,0,0,1
CRT_171+178+681,171|178|681,171|178|681,true,2017:ALL:52,2022:ALL:51|2022:ALL:55,2023:ALL:51|2023:ALL:55|2023:ALL:195,2024:ALL:51|2024:ALL:55|2024:ALL:197,2025:ALL:51|2025:ALL:55|2025:ALL:197,10|11,true,0,0,1
CRT_172,172,172,false,2017:ALL:53,2022:ALL:52,2023:ALL:52,2024:ALL:52,2025:ALL:52,13,false,0,0,1
CRT_176,176,176,false,2017:ALL:54,2022:ALL:53,2023:ALL:53,2024:ALL:53,2025:ALL:53,12,false,0,0,1
CRT_177,177,177,false,2017:ALL:55,2022:ALL:54,2023:ALL:54,2024:ALL:54,2025:ALL:54,06,false,0,0,1
CRT_179,179,179,false,2017:ALL:56,2022:ALL:56,2023:ALL:56,2024:ALL:56,2025:ALL:56,13,false,1,0,0
CRT_181,181,181,false,2017:ALL:57,2022:ALL:57,2023:ALL:57,2024:ALL:57,2025:ALL:57,04,false,0,0,1
CRT_182,182,182,false,2017:ALL:58,2022:ALL:58,2023:ALL:58,2024:ALL:58,2025:ALL:58,13,false,0,1,0
CRT_186,186,186,false,2017:ALL:59,2022:ALL:59,2023:ALL:59,2024:ALL:59,2025:ALL:59,01,false,1,0,0
CRT_202,202,202,false,2017:ALL:60,2022:ALL:60,2023:ALL:60,2024:ALL:60,2025:ALL:60,02,false,1,0,0
CRT_204+297+857,204|297|857,204|297|857,true,2017:ALL:104,2022:ALL:104,2023:ALL:104,2024:ALL:104,2025:ALL:104,11,false,0.9589872259174221443731704815,0,0.04101277408257785562682951847
CRT_205,205,205,false,2017:ALL:61,2022:ALL:61,2023:ALL:61,2024:ALL:61,2025:ALL:61,18,false,1,0,0
CRT_208,208,208,false,2017:ALL:62,2022:ALL:62,2023:ALL:62,2024:ALL:62,2025:ALL:62,17,false,0,1,0
CRT_211,211,211,false,2017:ALL:63,2022:ALL:63,2023:ALL:63,2024:ALL:63,2025:ALL:63,06,false,1,0,0
CRT_213,213,213,false,2017:ALL:64,2022:ALL:64,2023:ALL:64,2024:ALL:64,2025:ALL:64,10,false,0,0,1
CRT_216,216,216,false,2017:ALL:66,2022:ALL:66,2023:ALL:66,2024:ALL:66,2025:ALL:66,13,false,0,0,1
CRT_217,217,217,false,2017:ALL:67,2022:ALL:67,2023:ALL:67,2024:ALL:67,2025:ALL:67,16,false,0,0,1
CRT_218,218,218,false,2017:ALL:68,2022:ALL:68,2023:ALL:68,2024:ALL:68,2025:ALL:68,14,false,0,0,1
CRT_224,224,224,false,2017:ALL:69,2022:ALL:69,2023:ALL:69,2024:ALL:69,2025:ALL:69,01,false,0,1,0
CRT_226,226,226,false,2017:ALL:70,2022:ALL:70,2023:ALL:70,2024:ALL:70,2025:ALL:70,13,false,0,0,1
CRT_230,230,230,false,2017:ALL:71,2022:ALL:71,2023:ALL:71,2024:ALL:71,2025:ALL:71,04,false,0,0,1
CRT_231,231,231,false,2017:ALL:72,2022:ALL:72,2023:ALL:72,2024:ALL:72,2025:ALL:72,15,false,1,0,0
CRT_232,232,232,false,2017:ALL:73,2022:ALL:73,2023:ALL:73,2024:ALL:73,2025:ALL:73,14,false,0,1,0
CRT_233,233,233,false,2017:ALL:74,2022:ALL:74,2023:ALL:74,2024:ALL:74,2025:ALL:74,14,false,0,1,0
CRT_235,235,235,false,2017:ALL:75,2022:ALL:75,2023:ALL:75,2024:ALL:75,2025:ALL:75,01,false,1,0,0
CRT_236,236,236,false,2017:ALL:76,2022:ALL:76,2023:ALL:76,2024:ALL:76,2025:ALL:76,16,false,0,0,1
CRT_239,239,239,false,2017:ALL:77,2022:ALL:77,2023:ALL:77,2024:ALL:77,2025:ALL:77,11,false,0,0,1
CRT_240,240,240,false,2017:ALL:78,2022:ALL:78,2023:ALL:78,2024:ALL:78,2025:ALL:78,19,false,1,0,0
CRT_241,241,241,false,2017:ALL:80,2022:ALL:80,2023:ALL:80,2024:ALL:80,2025:ALL:80,19,false,0,1,0
CRT_244,244,244,false,2017:ALL:82,2022:ALL:82,2023:ALL:82,2024:ALL:82,2025:ALL:82,17,false,1,0,0
CRT_245,245,245,false,2017:ALL:83,2022:ALL:83,2023:ALL:83,2024:ALL:83,2025:ALL:83,01,false,1,0,0
CRT_249,249,249,false,2017:ALL:84,2022:ALL:84,2023:ALL:84,2024:ALL:84,2025:ALL:84,13,false,0,1,0
CRT_250,250,250,false,2017:ALL:85,2022:ALL:85,2023:ALL:85,2024:ALL:85,2025:ALL:85,06,false,0,0,1
CRT_256,256,256,false,2017:ALL:86,2022:ALL:86,2023:ALL:86,2024:ALL:86,2025:ALL:86,13,false,0,0,1
CRT_257,257,257,false,2017:ALL:87,2022:ALL:87,2023:ALL:87,2024:ALL:87,2025:ALL:87,01,false,1,0,0
CRT_260,260,260,false,2017:ALL:88,2022:ALL:88,2023:ALL:88,2024:ALL:88,2025:ALL:88,12,false,0,0,1
CRT_261,261,261,false,2017:ALL:89,2022:ALL:89,2023:ALL:89,2024:ALL:89,2025:ALL:89,19,false,0,0,1
CRT_263,263,263,false,2017:ALL:90,2022:ALL:90,2023:ALL:90,2024:ALL:90,2025:ALL:90,11,false,0,0,1
CRT_265,265,265,false,2017:ALL:91,2022:ALL:91,2023:ALL:91,2024:ALL:91,2025:ALL:91,13,false,0,0,1
CRT_271,271,271,false,2017:ALL:92,2022:ALL:92,2023:ALL:92,2024:ALL:92,2025:ALL:92,04,false,0,0,1
CRT_272,272,272,false,2017:ALL:93,2022:ALL:93,2023:ALL:93,2024:ALL:93,2025:ALL:93,16,false,1,0,0
CRT_273,273,273,false,2017:ALL:94,2022:ALL:94,2023:ALL:94,2024:ALL:94,2025:ALL:94,19,false,0,0,1
CRT_275,275,275,false,2017:ALL:95,2022:ALL:95,2023:ALL:95,2024:ALL:95,2025:ALL:95,13,false,0,0,1
CRT_280,280,280,false,2017:ALL:96,2022:ALL:96,2023:ALL:96,2024:ALL:96,2025:ALL:96,15,false,0,0,1
CRT_284,284,284,false,2017:ALL:97,2022:ALL:97,2023:ALL:97,2024:ALL:97,2025:ALL:97,02,false,0,0,1
CRT_285,285,285,false,2017:ALL:98,2022:ALL:98,2023:ALL:98,2024:ALL:98,2025:ALL:98,08,false,1,0,0
CRT_286,286,286,false,2017:ALL:99,2022:ALL:99,2023:ALL:99,2024:ALL:99,2025:ALL:99,08,false,1,0,0
CRT_287,287,287,false,2017:ALL:100,2022:ALL:100,2023:ALL:100,2024:ALL:100,2025:ALL:100,15,false,0,0,1
CRT_288,288,288,false,2017:ALL:101,2022:ALL:101,2023:ALL:101,2024:ALL:101,2025:ALL:101,15,false,0,0,1
CRT_290,290,290,false,2017:ALL:102,2022:ALL:102,2023:ALL:102,2024:ALL:102,2025:ALL:102,18,false,0,1,0
CRT_291,291,291,false,2017:ALL:103,2022:ALL:103,2023:ALL:103,2024:ALL:103,2025:ALL:103,06,false,0,0,1
CRT_300,300,300,false,2017:ALL:105,2022:ALL:105,2023:ALL:105,2024:ALL:105,2025:ALL:105,14,false,0,0,1
CRT_301,301,301,false,2017:ALL:106,2022:ALL:106,2023:ALL:106,2024:ALL:106,2025:ALL:106,14,false,0,1,0
CRT_304,304,304,false,2017:ALL:107,2022:ALL:107,2023:ALL:107,2024:ALL:107,2025:ALL:107,02,false,0,0,1
CRT_305,305,305,false,2017:ALL:108,2022:ALL:108,2023:ALL:108,2024:ALL:108,2025:ALL:108,17,false,0,1,0
CRT_312,312,312,false,2017:ALL:109,2022:ALL:109,2023:ALL:109,2024:ALL:109,2025:ALL:109,13,false,0,0,1
CRT_317,317,317,false,2017:ALL:110,2022:ALL:110,2023:ALL:110,2024:ALL:110,2025:ALL:110,17,false,0,0,1
CRT_320,320,320,false,2017:ALL:79,2022:ALL:79,2023:ALL:79,2024:ALL:79,2025:ALL:79,19,false,0,0,1
CRT_322,322,322,false,2017:ALL:81,2022:ALL:81,2023:ALL:81,2024:ALL:81,2025:ALL:81,02,false,0,0,1
CRT_398,398,398,false,2017:ALL:111,2022:ALL:111,2023:ALL:111,2024:ALL:111,2025:ALL:111,07,false,1,0,0
CRT_399,399,399,false,2017:ALL:112,2022:ALL:112,2023:ALL:112,2024:ALL:112,2025:ALL:112,15,false,0,1,0
CRT_400,400,400,false,2017:ALL:113,2022:ALL:113,2023:ALL:113,2024:ALL:113,2025:ALL:113,02,false,0,1,0
CRT_402,402,402,false,2017:ALL:115,2022:ALL:115,2023:ALL:115,2024:ALL:115,2025:ALL:115,11,false,0,0,1
CRT_403,403,403,false,2017:ALL:116,2022:ALL:116,2023:ALL:116,2024:ALL:116,2025:ALL:116,14,false,0,0,1
CRT_405,405,405,false,2017:ALL:117,2022:ALL:117,2023:ALL:117,2024:ALL:117,2025:ALL:117,09,false,1,0,0
CRT_407,407,407,false,2017:ALL:114,2022:ALL:114,2023:ALL:114,2024:ALL:114,2025:ALL:114,01,false,0,0,1
CRT_408,408,408,false,2017:ALL:118,2022:ALL:118,2023:ALL:118,2024:ALL:118,2025:ALL:118,14,false,0,1,0
CRT_410,410,410,false,2017:ALL:119,2022:ALL:119,2023:ALL:119,2024:ALL:119,2025:ALL:119,13,false,0,1,0
CRT_416,416,416,false,2017:ALL:120,2022:ALL:120,2023:ALL:120,2024:ALL:120,2025:ALL:120,09,false,0,0,1
CRT_418+837,418|837,418|837,true,2017:ALL:121|2017:ALL:240,2022:ALL:121|2022:ALL:238,2023:ALL:121|2023:ALL:239,2024:ALL:121|2024:ALL:241,2025:ALL:121|2025:ALL:241,06,false,1,0,0
CRT_420,420,420,false,2017:ALL:122,2022:ALL:122,2023:ALL:122,2024:ALL:122,2025:ALL:122,11,false,0,0,1
CRT_421,421,421,false,2017:ALL:123,2022:ALL:123,2023:ALL:123,2024:ALL:123,2025:ALL:123,16,false,0,0,1
CRT_422,422,422,false,2017:ALL:124,2022:ALL:124,2023:ALL:124,2024:ALL:124,2025:ALL:124,12,false,0,1,0
CRT_423,423,423,false,2017:ALL:125,2022:ALL:125,2023:ALL:125,2024:ALL:125,2025:ALL:125,02,false,0,1,0
CRT_425,425,425,false,2017:ALL:126,2022:ALL:126,2023:ALL:126,2024:ALL:126,2025:ALL:126,17,false,0,1,0
CRT_430,430,430,false,2017:ALL:128,2022:ALL:128,2023:ALL:128,2024:ALL:128,2025:ALL:128,02,false,0,1,0
CRT_433,433,433,false,2017:ALL:129,2022:ALL:129,2023:ALL:129,2024:ALL:129,2025:ALL:129,05,false,0,0,1
CRT_434,434,434,false,2017:ALL:130,2022:ALL:130,2023:ALL:130,2024:ALL:130,2025:ALL:130,01,false,0,1,0
CRT_435,435,435,false,2017:ALL:131,2022:ALL:131,2023:ALL:131,2024:ALL:131,2025:ALL:131,13,false,0,0,1
CRT_436,436,436,false,2017:ALL:132,2022:ALL:132,2023:ALL:132,2024:ALL:132,2025:ALL:132,17,false,0,0,1
CRT_440,440,440,false,2017:ALL:133,2022:ALL:133,2023:ALL:133,2024:ALL:133,2025:ALL:133,15,false,0,0,1
CRT_441,441,441,false,2017:ALL:134,2022:ALL:134,2023:ALL:134,2024:ALL:134,2025:ALL:134,09,false,0,0,1
CRT_444,444,444,false,2017:ALL:127,2022:ALL:127,2023:ALL:127,2024:ALL:127,2025:ALL:127,01,false,1,0,0
CRT_445,445,445,false,2017:ALL:135,2022:ALL:135,2023:ALL:135,2024:ALL:135,2025:ALL:135,02,false,0,1,0
CRT_475,475,475,false,2017:ALL:136,2022:ALL:136,2023:ALL:136,2024:ALL:136,2025:ALL:136,15,false,0,0,1
CRT_480,480,480,false,2017:ALL:137,2022:ALL:137,2023:ALL:137,2024:ALL:137,2025:ALL:137,02,false,0,0,1
CRT_481+538,481|538,481|538,true,2017:ALL:138|2017:ALL:156,2022:ALL:138|2022:ALL:156,2023:ALL:138|2023:ALL:156,2024:ALL:138|2024:ALL:156,2025:ALL:138|2025:ALL:156,02,false,0,0.6721208307111390811831340466,0.3278791692888609188168659534
CRT_483,483,483,false,2017:ALL:139,2022:ALL:139,2023:ALL:139,2024:ALL:139,2025:ALL:139,17,false,0,0,1
CRT_484,484,484,false,2017:ALL:140,2022:ALL:140,2023:ALL:140,2024:ALL:140,2025:ALL:140,04,false,0,0,1
CRT_489,489,489,false,2017:ALL:141,2022:ALL:141,2023:ALL:141,2024:ALL:141,2025:ALL:141,08,false,0,0,1
CRT_494,494,494,false,2017:ALL:143,2022:ALL:143,2023:ALL:143,2024:ALL:143,2025:ALL:143,17,false,0,1,0
CRT_495,495,495,false,2017:ALL:144,2022:ALL:144,2023:ALL:144,2024:ALL:144,2025:ALL:144,13,false,0,0,1
CRT_498,498,498,false,2017:ALL:145,2022:ALL:145,2023:ALL:145,2024:ALL:145,2025:ALL:145,19,false,0,0,1
CRT_499,499,499,false,2017:ALL:146,2022:ALL:146,2023:ALL:146,2024:ALL:146,2025:ALL:146,15,false,0,1,0
CRT_500,500,500,false,2017:ALL:147,2022:ALL:147,2023:ALL:147,2024:ALL:147,2025:ALL:147,13,false,0,1,0
CRT_503,503,503,false,2017:ALL:148,2022:ALL:148,2023:ALL:148,2024:ALL:148,2025:ALL:148,02,false,0,1,0
CRT_504+616,504|616,504|616,true,2017:ALL:149|2017:ALL:185,2022:ALL:149,2023:ALL:149,2024:ALL:149|2024:ALL:184,2025:ALL:149|2025:ALL:184,01,false,0,0,1
CRT_505,505,505,false,2017:ALL:150,2022:ALL:150,2023:ALL:150,2024:ALL:150,2025:ALL:150,01,false,0,1,0
CRT_508,508,508,false,2017:ALL:151,2022:ALL:151,2023:ALL:151,2024:ALL:151,2025:ALL:151,06,false,0,1,0
CRT_529,529,529,false,2017:ALL:153,2022:ALL:153,2023:ALL:153,2024:ALL:153,2025:ALL:153,02,false,0,1,0
CRT_531+609,531|609,531|609,true,2017:ALL:180,2022:ALL:179,2023:ALL:179,2024:ALL:179,2025:ALL:179,04,false,0.9416927051020293059299951495,0,0.05830729489797069407000485048
CRT_536,536,536,false,2017:ALL:155,2022:ALL:155,2023:ALL:155,2024:ALL:155,2025:ALL:155,06,false,1,0,0
CRT_541+911,541|911,541,true,2017:ALL:157|2017:ALL:261,2022:ALL:157,2023:ALL:157,2024:ALL:157,2025:ALL:157,12,false,0,1,0
CRT_543,543,543,false,2017:ALL:158,2022:ALL:158,2023:ALL:158,2024:ALL:158,2025:ALL:158,01,false,1,0,0
CRT_545,545,545,false,2017:ALL:159,2022:ALL:159,2023:ALL:159,2024:ALL:159,2025:ALL:159,15,false,0,0,1
CRT_560,560,560,false,2017:ALL:160,2022:ALL:160,2023:ALL:160,2024:ALL:160,2025:ALL:160,07,false,0,1,0
CRT_561,561,561,false,2017:ALL:161,2022:ALL:161,2023:ALL:161,2024:ALL:161,2025:ALL:161,02,false,0,0,1
CRT_562,562,562,false,2017:ALL:162,2022:ALL:162,2023:ALL:162,2024:ALL:162,2025:ALL:162,06,false,0,1,0
CRT_563,563,563,false,2017:ALL:163,2022:ALL:163,2023:ALL:163,2024:ALL:163,2025:ALL:163,17,false,0,1,0
CRT_576,576,576,false,2017:ALL:165,2022:ALL:165,2023:ALL:165,2024:ALL:165,2025:ALL:165,07,false,0,0,1
CRT_577,577,577,false,2017:ALL:166,2022:ALL:166,2023:ALL:166,2024:ALL:166,2025:ALL:166,02,false,0,1,0
CRT_578,578,578,false,2017:ALL:167,2022:ALL:167,2023:ALL:167,2024:ALL:167,2025:ALL:167,18,false,0,0,1
CRT_580,580,580,false,2017:ALL:169,2022:ALL:168,2023:ALL:168,2024:ALL:168,2025:ALL:168,09,false,0,0,1
CRT_581,581,581,false,2017:ALL:170,2022:ALL:169,2023:ALL:169,2024:ALL:169,2025:ALL:169,06,false,0,1,0
CRT_583+742+758,583|742|758,583|742|758,true,2017:ALL:226,2022:ALL:224,2023:ALL:225,2024:ALL:227,2025:ALL:227,19,false,0,0.8089920948616600790513833992,0.1910079051383399209486166008
CRT_584,584,584,false,2017:ALL:172,2022:ALL:171,2023:ALL:171,2024:ALL:171,2025:ALL:171,16,false,0,0,1
CRT_592,592,592,false,2017:ALL:173,2022:ALL:172,2023:ALL:172,2024:ALL:172,2025:ALL:172,13,false,0,0,1
CRT_593,593,593,false,2017:ALL:174,2022:ALL:173,2023:ALL:173,2024:ALL:173,2025:ALL:173,10,false,0,1,0
CRT_595,595,595,false,2017:ALL:175,2022:ALL:174,2023:ALL:174,2024:ALL:174,2025:ALL:174,11,false,0,0,1
CRT_598,598,598,false,2017:ALL:176,2022:ALL:175,2023:ALL:175,2024:ALL:175,2025:ALL:175,15,false,1,0,0
CRT_599,599,599,false,2017:ALL:171,2022:ALL:170,2023:ALL:170,2024:ALL:170,2025:ALL:170,15,false,0,0,1
CRT_601+931,601|931,601|931,true,2017:ALL:177,2022:ALL:176,2023:ALL:176,2024:ALL:176,2025:ALL:176,13,false,0,0,1
CRT_604,604,604,false,2017:ALL:178,2022:ALL:177,2023:ALL:177,2024:ALL:177,2025:ALL:177,06,false,1,0,0
CRT_608,608,608,false,2017:ALL:179,2022:ALL:178,2023:ALL:178,2024:ALL:178,2025:ALL:178,04,false,0,0,1
CRT_611,611,611,false,2017:ALL:181,2022:ALL:180,2023:ALL:180,2024:ALL:180,2025:ALL:180,01,false,0,0,1
CRT_614,614,614,false,2017:ALL:183,2022:ALL:182,2023:ALL:182,2024:ALL:182,2025:ALL:182,19,false,0,0,1
CRT_615,615,615,false,2017:ALL:184,2022:ALL:183,2023:ALL:183,2024:ALL:183,2025:ALL:183,17,false,0,0,1
CRT_619,619,619,false,2017:ALL:186,2022:ALL:184,2023:ALL:184,2024:ALL:185,2025:ALL:185,06,false,0,0,1
CRT_620,620,620,false,2017:ALL:187,2022:ALL:185,2023:ALL:185,2024:ALL:186,2025:ALL:186,18,false,0,0,1
CRT_624,624,624,false,2017:ALL:188,2022:ALL:186,2023:ALL:186,2024:ALL:187,2025:ALL:187,08,false,0,0,1
CRT_625,625,625,false,2017:ALL:189,2022:ALL:187,2023:ALL:187,2024:ALL:188,2025:ALL:188,17,false,0,0,1
CRT_630,630,630,false,2017:ALL:190,2022:ALL:188,2023:ALL:188,2024:ALL:190,2025:ALL:190,17,false,0,0,1
CRT_631,631,631,false,2017:ALL:191,2022:ALL:189,2023:ALL:189,2024:ALL:191,2025:ALL:191,02,false,0,0,1
CRT_635,635,635,false,2017:ALL:192,2022:ALL:190,2023:ALL:190,2024:ALL:192,2025:ALL:192,06,false,0,0,1
CRT_636,636,636,false,2017:ALL:193,2022:ALL:191,2023:ALL:191,2024:ALL:193,2025:ALL:193,02,false,0,0,1
CRT_638,638,638,false,2017:ALL:182,2022:ALL:181,2023:ALL:181,2024:ALL:181,2025:ALL:181,01,false,1,0,0
CRT_678,678,678,false,2017:ALL:194,2022:ALL:192,2023:ALL:192,2024:ALL:194,2025:ALL:194,17,false,1,0,0
CRT_680,680,680,false,2017:ALL:196,2022:ALL:194,2023:ALL:194,2024:ALL:196,2025:ALL:196,02,false,1,0,0
CRT_683,683,683,false,2017:ALL:197,2022:ALL:195,2023:ALL:196,2024:ALL:198,2025:ALL:198,19,false,0,0,1
CRT_684,684,684,false,2017:ALL:198,2022:ALL:196,2023:ALL:197,2024:ALL:199,2025:ALL:199,04,false,1,0,0
CRT_686,686,686,false,2017:ALL:199,2022:ALL:197,2023:ALL:198,2024:ALL:200,2025:ALL:200,11,false,0,0,1
CRT_687,687,687,false,2017:ALL:200,2022:ALL:198,2023:ALL:199,2024:ALL:201,2025:ALL:201,11,false,0,0,1
CRT_689,689,689,false,2017:ALL:201,2022:ALL:199,2023:ALL:200,2024:ALL:202,2025:ALL:202,09,false,0,0,1
CRT_691,691,691,false,2017:ALL:202,2022:ALL:200,2023:ALL:201,2024:ALL:203,2025:ALL:203,17,false,0,0,1
CRT_694,694,694,false,2017:ALL:203,2022:ALL:201,2023:ALL:202,2024:ALL:204,2025:ALL:204,05,false,1,0,0
CRT_697,697,697,false,2017:ALL:204,2022:ALL:202,2023:ALL:203,2024:ALL:205,2025:ALL:205,18,false,0,0,1
CRT_698,698,698,false,2017:ALL:205,2022:ALL:203,2023:ALL:204,2024:ALL:206,2025:ALL:206,19,false,1,0,0
CRT_700,700,700,false,2017:ALL:206,2022:ALL:204,2023:ALL:205,2024:ALL:207,2025:ALL:207,09,false,0,0,1
CRT_702,702,702,false,2017:ALL:207,2022:ALL:205,2023:ALL:206,2024:ALL:208,2025:ALL:208,06,false,0,0,1
CRT_704,704,704,false,2017:ALL:208,2022:ALL:206,2023:ALL:207,2024:ALL:209,2025:ALL:209,02,false,0,0,1
CRT_707,707,707,false,2017:ALL:209,2022:ALL:207,2023:ALL:208,2024:ALL:210,2025:ALL:210,12,false,0,0,1
CRT_710,710,710,false,2017:ALL:195,2022:ALL:193,2023:ALL:193,2024:ALL:195,2025:ALL:195,01,false,0,1,0
CRT_729,729,729,false,2017:ALL:210,2022:ALL:208,2023:ALL:209,2024:ALL:211,2025:ALL:211,13,false,0,0,1
CRT_732,732,732,false,2017:ALL:211,2022:ALL:209,2023:ALL:210,2024:ALL:212,2025:ALL:212,19,false,0,0,1
CRT_734,734,734,false,2017:ALL:212,2022:ALL:210,2023:ALL:211,2024:ALL:213,2025:ALL:213,02,false,1,0,0
CRT_738,738,738,false,2017:ALL:214,2022:ALL:212,2023:ALL:213,2024:ALL:215,2025:ALL:215,02,false,0,0,1
CRT_739,739,739,false,2017:ALL:215,2022:ALL:213,2023:ALL:214,2024:ALL:216,2025:ALL:216,09,false,0,0,1
CRT_740,740,740,false,2017:ALL:216,2022:ALL:214,2023:ALL:215,2024:ALL:217,2025:ALL:217,10,false,1,0,0
CRT_743,743,743,false,2017:ALL:217,2022:ALL:215,2023:ALL:216,2024:ALL:218,2025:ALL:218,14,false,1,0,0
CRT_746,746,746,false,2017:ALL:218,2022:ALL:216,2023:ALL:217,2024:ALL:219,2025:ALL:219,17,false,0,0,1
CRT_747,747,747,false,2017:ALL:219,2022:ALL:217,2023:ALL:218,2024:ALL:220,2025:ALL:220,04,false,0,0,1
CRT_748,748,748,false,2017:ALL:220,2022:ALL:218,2023:ALL:219,2024:ALL:221,2025:ALL:221,17,false,0,0,1
CRT_749,749,749,false,2017:ALL:222,2022:ALL:220,2023:ALL:221,2024:ALL:223,2025:ALL:223,11,false,0,1,0
CRT_751,751,751,false,2017:ALL:223,2022:ALL:221,2023:ALL:222,2024:ALL:224,2025:ALL:224,19,false,0,0,1
CRT_755,755,755,false,2017:ALL:225,2022:ALL:223,2023:ALL:224,2024:ALL:226,2025:ALL:226,01,false,0,0,1
CRT_759,759,759,false,2017:ALL:227,2022:ALL:225,2023:ALL:226,2024:ALL:228,2025:ALL:228,14,false,0,0,1
CRT_761,761,761,false,2017:ALL:228,2022:ALL:226,2023:ALL:227,2024:ALL:229,2025:ALL:229,02,false,0,0,1
CRT_762,762,762,false,2017:ALL:229,2022:ALL:227,2023:ALL:228,2024:ALL:230,2025:ALL:230,11,false,0,0,1
CRT_765,765,765,false,2017:ALL:230,2022:ALL:228,2023:ALL:229,2024:ALL:231,2025:ALL:231,18,false,0,0,1
CRT_768,768,768,false,2017:ALL:231,2022:ALL:229,2023:ALL:230,2024:ALL:232,2025:ALL:232,10,false,0,0,1
CRT_777,777,777,false,2017:ALL:232,2022:ALL:230,2023:ALL:231,2024:ALL:233,2025:ALL:233,18,false,0,0,1
CRT_778,778,778,false,2017:ALL:233,2022:ALL:231,2023:ALL:232,2024:ALL:234,2025:ALL:234,11,false,0,1,0
CRT_781,781,781,false,2017:ALL:234,2022:ALL:232,2023:ALL:233,2024:ALL:235,2025:ALL:235,07,false,0,0,1
CRT_783,783,783,false,2017:ALL:235,2022:ALL:233,2023:ALL:234,2024:ALL:236,2025:ALL:236,04,false,0,0,1
CRT_785,785,785,false,2017:ALL:258,2022:ALL:256,2023:ALL:257,2024:ALL:259,2025:ALL:259,17,false,0,0,1
CRT_790,790,790,false,2017:ALL:213,2022:ALL:211,2023:ALL:212,2024:ALL:214,2025:ALL:214,06,false,0,1,0
CRT_791,791,791,false,2017:ALL:221,2022:ALL:219,2023:ALL:220,2024:ALL:222,2025:ALL:222,17,false,0,0,1
CRT_831,831,831,false,2017:ALL:236,2022:ALL:234,2023:ALL:235,2024:ALL:237,2025:ALL:237,09,false,0,0,1
CRT_832,832,832,false,2017:ALL:237,2022:ALL:235,2023:ALL:236,2024:ALL:238,2025:ALL:238,17,false,0,0,1
CRT_833,833,833,false,2017:ALL:238,2022:ALL:236,2023:ALL:237,2024:ALL:239,2025:ALL:239,02,false,0,0,1
CRT_834,834,834,false,2017:ALL:239,2022:ALL:237,2023:ALL:238,2024:ALL:240,2025:ALL:240,05,false,0,0,1
CRT_844,844,844,false,2017:ALL:241,2022:ALL:239,2023:ALL:240,2024:ALL:242,2025:ALL:242,11,false,0,0,1
CRT_845,845,845,false,2017:ALL:242,2022:ALL:240,2023:ALL:241,2024:ALL:243,2025:ALL:243,19,false,0,0,1
CRT_846,846,846,false,2017:ALL:243,2022:ALL:241,2023:ALL:242,2024:ALL:244,2025:ALL:244,14,false,0,0,1
CRT_848,848,848,false,2017:ALL:244,2022:ALL:242,2023:ALL:243,2024:ALL:245,2025:ALL:245,12,false,0,0,1
CRT_849,849,849,false,2017:ALL:245,2022:ALL:243,2023:ALL:244,2024:ALL:246,2025:ALL:246,16,false,0,0,1
CRT_850,850,850,false,2017:ALL:246,2022:ALL:244,2023:ALL:245,2024:ALL:247,2025:ALL:247,13,false,0,0,1
CRT_851,851,851,false,2017:ALL:247,2022:ALL:245,2023:ALL:246,2024:ALL:248,2025:ALL:248,19,false,1,0,0
CRT_853,853,853,false,2017:ALL:248,2022:ALL:246,2023:ALL:247,2024:ALL:249,2025:ALL:249,02,false,1,0,0
CRT_854+976,854|976,854|976,true,2017:ALL:275,2022:ALL:271,2023:ALL:272,2024:ALL:274,2025:ALL:274,19,false,0,0,1
CRT_858,858,858,false,2017:ALL:249,2022:ALL:247,2023:ALL:248,2024:ALL:250,2025:ALL:250,01,false,1,0,0
CRT_859,859,859,false,2017:ALL:250,2022:ALL:248,2023:ALL:249,2024:ALL:251,2025:ALL:251,17,false,0,0,1
CRT_886,886,886,false,2017:ALL:251,2022:ALL:249,2023:ALL:250,2024:ALL:252,2025:ALL:252,04,false,0,1,0
CRT_887,887,887,false,2017:ALL:252,2022:ALL:250,2023:ALL:251,2024:ALL:253,2025:ALL:253,06,false,0,0,1
CRT_889,889,889,false,2017:ALL:253,2022:ALL:251,2023:ALL:252,2024:ALL:254,2025:ALL:254,17,false,0,0,1
CRT_890,890,890,false,2017:ALL:254,2022:ALL:252,2023:ALL:253,2024:ALL:255,2025:ALL:255,19,false,0,0,1
CRT_892,892,892,false,2017:ALL:255,2022:ALL:253,2023:ALL:254,2024:ALL:256,2025:ALL:256,13,false,0,0,1
CRT_893,893,893,false,2017:ALL:256,2022:ALL:254,2023:ALL:255,2024:ALL:257,2025:ALL:257,15,false,0,0,1
CRT_895,895,895,false,2017:ALL:257,2022:ALL:255,2023:ALL:256,2024:ALL:258,2025:ALL:258,02,false,0,1,0
CRT_905,905,905,false,2017:ALL:259,2022:ALL:257,2023:ALL:258,2024:ALL:260,2025:ALL:260,15,false,1,0,0
CRT_908,908,908,false,2017:ALL:260,2022:ALL:258,2023:ALL:259,2024:ALL:261,2025:ALL:261,06,false,1,0,0
CRT_915,915,915,false,2017:ALL:263,2022:ALL:260,2023:ALL:261,2024:ALL:263,2025:ALL:263,11,false,1,0,0
CRT_918,918,918,false,2017:ALL:264,2022:ALL:261,2023:ALL:262,2024:ALL:264,2025:ALL:264,02,false,0,0,1
CRT_921,921,921,false,2017:ALL:265,2022:ALL:262,2023:ALL:263,2024:ALL:265,2025:ALL:265,11,false,0,0,1
CRT_922,922,922,false,2017:ALL:266,2022:ALL:263,2023:ALL:264,2024:ALL:266,2025:ALL:266,06,false,0,0,1
CRT_924,924,924,false,2017:ALL:267,2022:ALL:264,2023:ALL:265,2024:ALL:267,2025:ALL:267,16,false,0,0,1
CRT_925,925,925,false,2017:ALL:268,2022:ALL:265,2023:ALL:266,2024:ALL:268,2025:ALL:268,11,false,0,0,1
CRT_927,927,927,false,2017:ALL:269,2022:ALL:266,2023:ALL:267,2024:ALL:269,2025:ALL:269,01,false,0,1,0
CRT_934,934,934,false,2017:ALL:270,2022:ALL:267,2023:ALL:268,2024:ALL:270,2025:ALL:270,14,false,0,0,1
CRT_935,935,935,false,2017:ALL:271,2022:ALL:268,2023:ALL:269,2024:ALL:271,2025:ALL:271,08,false,0,0,1
CRT_936,936,936,false,2017:ALL:272,2022:ALL:269,2023:ALL:270,2024:ALL:272,2025:ALL:272,06,false,0,0,1
CRT_946,946,946,false,2017:ALL:274,2022:ALL:270,2023:ALL:271,2024:ALL:273,2025:ALL:273,15,false,0,0,1
CRT_977,977,977,false,2017:ALL:276,2022:ALL:272,2023:ALL:273,2024:ALL:275,2025:ALL:275,17,false,0,1,0
CRT_980,980,980,false,2017:ALL:277,2022:ALL:273,2023:ALL:274,2024:ALL:276,2025:ALL:276,06,false,1,0,0
CRT_981,981,981,false,2017:ALL:278,2022:ALL:274,2023:ALL:275,2024:ALL:277,2025:ALL:277,05,false,0,0,1
CRT_989,989,989,false,2017:ALL:279,2022:ALL:275,2023:ALL:276,2024:ALL:278,2025:ALL:278,14,false,0,0,1
CRT_992,992,992,false,2017:ALL:280,2022:ALL:276,2023:ALL:277,2024:ALL:279,2025:ALL:279,13,false,0,1,0
