year,source_scenario,population_context,field,frame_territories,baseline_population_2022,wholly_observed_sum,partial_observed_sum,source_missing_territories,lower_sum,upper_sum,lower_sum_per_1000_baseline,upper_sum_per_1000_baseline,meaning
2022,published_accounting,declining,staff_service_hours,218,2126869,631556.3,631556.3,0,631556.3,631556.3,296.941795663014506300105930360544067359108623991416490625422,296.941795663014506300105930360544067359108623991416490625422,bounds on aggregate provision; missing source values not observed zeros
2022,published_accounting,declining,staff_present_no_service_hours,218,2126869,,80152,1,80152,80152,37.6854427799737548480889043942057550323973878974210447375931,37.6854427799737548480889043942057550323973878974210447375931,bounds on aggregate provision; missing source values not observed zeros
2022,published_accounting,declining,no_library_staff_hours,218,2126869,,700494.76,1,700494.76,700494.76,329.354915605991718342784628484405950719108699219368940917377,329.354915605991718342784628484405950719108699219368940917377,bounds on aggregate provision; missing source values not observed zeros
2022,published_accounting,declining,total_hours,218,2126869,1412203.06,1412203.06,0,1412203.06,1412203.06,663.982154048979979490979463239155773110614711108206476280392,663.982154048979979490979463239155773110614711108206476280392,bounds on aggregate provision; missing source values not observed zeros
2022,published_accounting,declining,paid_fte,218,2126869,1505.61,1505.61,0,1505.61,1505.61,0.707899734304275439625101498963970042348635482486227407517811,0.707899734304275439625101498963970042348635482486227407517811,bounds on aggregate provision; missing source values not observed zeros
2022,published_accounting,nondeclining,staff_service_hours,50,3391028,527925.55,527925.55,0,527925.55,527925.55,155.683040659056781601331513629495244509924424097943160599087,155.683040659056781601331513629495244509924424097943160599087,bounds on aggregate provision; missing source values not observed zeros
2022,published_accounting,nondeclining,staff_present_no_service_hours,50,3391028,,27493,2,27493,27493,8.10757091949697849737601694825286019460765290053635652669338,8.10757091949697849737601694825286019460765290053635652669338,bounds on aggregate provision; missing source values not observed zeros
2022,published_accounting,nondeclining,no_library_staff_hours,50,3391028,431461,431461,0,431461,431461,127.236047593827004672329452897469439945644801517415957638805,127.236047593827004672329452897469439945644801517415957638805,bounds on aggregate provision; missing source values not observed zeros
2022,published_accounting,nondeclining,total_hours,50,3391028,986879.55,986879.55,0,986879.55,986879.55,291.026659172380764771036983475217544650176878515895474764585,291.026659172380764771036983475217544650176878515895474764585,bounds on aggregate provision; missing source values not observed zeros
2022,published_accounting,nondeclining,paid_fte,50,3391028,2306.31,2306.31,0,2306.31,2306.31,0.680121190388283434993754106424364528986490232460481010478238,0.680121190388283434993754106424364528986490232460481010478238,bounds on aggregate provision; missing source values not observed zeros
2022,published_accounting,all,staff_service_hours,268,5517897,1159481.85,1159481.85,0,1159481.85,1159481.85,210.131115169420523797381502409341819899864024283164401220247,210.131115169420523797381502409341819899864024283164401220247,bounds on aggregate provision; missing source values not observed zeros
2022,published_accounting,all,staff_present_no_service_hours,268,5517897,,107645,3,107645,107645,19.5083380498041192142586206302872271809350555111847865228365,19.5083380498041192142586206302872271809350555111847865228365,bounds on aggregate provision; missing source values not observed zeros
2022,published_accounting,all,no_library_staff_hours,268,5517897,,1131955.76,1,1131955.76,1131955.76,205.142604147920847380804679753898994490110996997588030367366,205.142604147920847380804679753898994490110996997588030367366,bounds on aggregate provision; missing source values not observed zeros
2022,published_accounting,all,total_hours,268,5517897,2399082.61,2399082.61,0,2399082.61,2399082.61,434.782057367145490392444802793528041570910076791937218110450,434.782057367145490392444802793528041570910076791937218110450,bounds on aggregate provision; missing source values not observed zeros
2022,published_accounting,all,paid_fte,268,5517897,3811.92,3811.92,0,3811.92,3811.92,0.690828407996742237124034754545073965679315869796047298454466,0.690828407996742237124034754545073965679315869796047298454466,bounds on aggregate provision; missing source values not observed zeros
2023,published_accounting,declining,staff_service_hours,218,2126869,618849.5,618849.5,0,618849.5,618849.5,290.967379749293444965345773529070196612955475866167591892119,290.967379749293444965345773529070196612955475866167591892119,bounds on aggregate provision; missing source values not observed zeros
2023,published_accounting,declining,staff_present_no_service_hours,218,2126869,,84846,2,84846,84846,39.8924428349841950773648964745830608279118271976318240568648,39.8924428349841950773648964745830608279118271976318240568648,bounds on aggregate provision; missing source values not observed zeros
2023,published_accounting,declining,no_library_staff_hours,218,2126869,,783674.5,2,783674.5,783674.5,368.463925140664516714475597697836585139940447672141537631138,368.463925140664516714475597697836585139940447672141537631138,bounds on aggregate provision; missing source values not observed zeros
2023,published_accounting,declining,total_hours,218,2126869,1487370,1487370,0,1487370,1487370,699.323747724942156757186267701489842580807750735940953580122,699.323747724942156757186267701489842580807750735940953580122,bounds on aggregate provision; missing source values not observed zeros
2023,published_accounting,declining,paid_fte,218,2126869,1513.63,1513.63,0,1513.63,1513.63,0.711670535420846323868559840780038638957077281205377482111028,0.711670535420846323868559840780038638957077281205377482111028,bounds on aggregate provision; missing source values not observed zeros
2023,published_accounting,nondeclining,staff_service_hours,50,3391028,541084,541084,0,541084,541084,159.563412628854730777805432452931677355657340487899244712813,159.563412628854730777805432452931677355657340487899244712813,bounds on aggregate provision; missing source values not observed zeros
2023,published_accounting,nondeclining,staff_present_no_service_hours,50,3391028,,29657,1,29657,29657,8.74572548501516354332668441546339340164693420402308680435549,8.74572548501516354332668441546339340164693420402308680435549,bounds on aggregate provision; missing source values not observed zeros
2023,published_accounting,nondeclining,no_library_staff_hours,50,3391028,463190,463190,0,463190,463190,136.592797228451077372407423353626098044604762921450368442844,136.592797228451077372407423353626098044604762921450368442844,bounds on aggregate provision; missing source values not observed zeros
2023,published_accounting,nondeclining,total_hours,50,3391028,1033931,1033931,0,1033931,1033931,304.901935342320971693539540222021168801909037613372699960012,304.901935342320971693539540222021168801909037613372699960012,bounds on aggregate provision; missing source values not observed zeros
2023,published_accounting,nondeclining,paid_fte,50,3391028,2283.62,2283.62,0,2283.62,2283.62,0.673430004116745718407515361123529501968134736722905266485561,0.673430004116745718407515361123529501968134736722905266485561,bounds on aggregate provision; missing source values not observed zeros
2023,published_accounting,all,staff_service_hours,268,5517897,1159933.5,1159933.5,0,1159933.5,1159933.5,210.212967005364543774557589603430437356840839906942808102435,210.212967005364543774557589603430437356840839906942808102435,bounds on aggregate provision; missing source values not observed zeros
2023,published_accounting,all,staff_present_no_service_hours,268,5517897,,114503,3,114503,114503,20.7512028586253059816085729762625145050732190180425622297770,20.7512028586253059816085729762625145050732190180425622297770,bounds on aggregate provision; missing source values not observed zeros
2023,published_accounting,all,no_library_staff_hours,268,5517897,,1246864.5,2,1246864.5,1246864.5,225.967338643689797036805870062453141115174857377729232713115,225.967338643689797036805870062453141115174857377729232713115,bounds on aggregate provision; missing source values not observed zeros
2023,published_accounting,all,total_hours,268,5517897,2521301,2521301,0,2521301,2521301,456.931508507679646792972032642146092977088916302714603045327,456.931508507679646792972032642146092977088916302714603045327,bounds on aggregate provision; missing source values not observed zeros
2023,published_accounting,all,paid_fte,268,5517897,3797.25,3797.25,0,3797.25,3797.25,0.688169786424066995088889843358801369434768354682952581391063,0.688169786424066995088889843358801369434768354682952581391063,bounds on aggregate provision; missing source values not observed zeros
2024,published_accounting,declining,staff_service_hours,218,2126869,596999,596999,0,596999,596999,280.693827405449042700796334894156621775953290964323613725152,280.693827405449042700796334894156621775953290964323613725152,bounds on aggregate provision; missing source values not observed zeros
2024,published_accounting,declining,staff_present_no_service_hours,218,2126869,93837.25,93837.25,0,93837.25,93837.25,44.1199011316634922037981652842746779420829397579258525090168,44.1199011316634922037981652842746779420829397579258525090168,bounds on aggregate provision; missing source values not observed zeros
2024,published_accounting,declining,no_library_staff_hours,218,2126869,827874.5,827874.5,0,827874.5,827874.5,389.245647005057669278173690998364262208908964303866387633653,389.245647005057669278173690998364262208908964303866387633653,bounds on aggregate provision; missing source values not observed zeros
2024,published_accounting,declining,total_hours,218,2126869,1518710.75,1518710.75,0,1518710.75,1518710.75,714.059375542170204182768191176795561926945195026115853867822,714.059375542170204182768191176795561926945195026115853867822,bounds on aggregate provision; missing source values not observed zeros
2024,published_accounting,declining,paid_fte,218,2126869,1491.09,1491.09,0,1491.09,1491.09,0.701072797619411444710511084603706199112404196027117796159519,0.701072797619411444710511084603706199112404196027117796159519,bounds on aggregate provision; missing source values not observed zeros
2024,published_accounting,nondeclining,staff_service_hours,50,3391028,522168.5,522168.5,0,522168.5,522168.5,153.985310649160077710947830569373063271668650332583511548710,153.985310649160077710947830569373063271668650332583511548710,bounds on aggregate provision; missing source values not observed zeros
2024,published_accounting,nondeclining,staff_present_no_service_hours,50,3391028,,24161,1,24161,24161,7.12497803026102998854624615308396155973940645727490306774229,7.12497803026102998854624615308396155973940645727490306774229,bounds on aggregate provision; missing source values not observed zeros
2024,published_accounting,nondeclining,no_library_staff_hours,50,3391028,497848,497848,0,497848,497848,146.813296734795466153626569877924924241262531598087659553386,146.813296734795466153626569877924924241262531598087659553386,bounds on aggregate provision; missing source values not observed zeros
2024,published_accounting,nondeclining,total_hours,50,3391028,1044177.5,1044177.5,0,1044177.5,1044177.5,307.923585414216573853120646600381949072670588387946074169839,307.923585414216573853120646600381949072670588387946074169839,bounds on aggregate provision; missing source values not observed zeros
2024,published_accounting,nondeclining,paid_fte,50,3391028,2293.39,2293.39,0,2293.39,2293.39,0.676311136327980777510536627830852473055368460537630476657816,0.676311136327980777510536627830852473055368460537630476657816,bounds on aggregate provision; missing source values not observed zeros
2024,published_accounting,all,staff_service_hours,268,5517897,1119167.5,1119167.5,0,1119167.5,1119167.5,202.825007425836328586778622362831346797520867098461605934290,202.825007425836328586778622362831346797520867098461605934290,bounds on aggregate provision; missing source values not observed zeros
2024,published_accounting,all,staff_present_no_service_hours,268,5517897,,117998.25,1,117998.25,117998.25,21.3846416488020707889255634891336318891055777228172254755752,21.3846416488020707889255634891336318891055777228172254755752,bounds on aggregate provision; missing source values not observed zeros
2024,published_accounting,all,no_library_staff_hours,268,5517897,1325722.5,1325722.5,0,1325722.5,1325722.5,240.258652888953889498118576696882888535251745366033472534917,240.258652888953889498118576696882888535251745366033472534917,bounds on aggregate provision; missing source values not observed zeros
2024,published_accounting,all,total_hours,268,5517897,2562888.25,2562888.25,0,2562888.25,2562888.25,464.468301963592288873822762548847867221878190187312303944782,464.468301963592288873822762548847867221878190187312303944782,bounds on aggregate provision; missing source values not observed zeros
2024,published_accounting,all,paid_fte,268,5517897,3784.48,3784.48,0,3784.48,3784.48,0.685855498933742329731780060410696321442752555910340479352913,0.685855498933742329731780060410696321442752555910340479352913,bounds on aggregate provision; missing source values not observed zeros
2025,published_accounting,declining,staff_service_hours,218,2126869,576203.8,576203.8,0,576203.8,576203.8,270.916450425484597311823154129379853672228990125861066196367,270.916450425484597311823154129379853672228990125861066196367,bounds on aggregate provision; missing source values not observed zeros
2025,published_accounting,declining,staff_present_no_service_hours,218,2126869,,98731.85,1,98731.85,98731.85,46.4212182320584859716324794804005324258334669413113830706075,46.4212182320584859716324794804005324258334669413113830706075,bounds on aggregate provision; missing source values not observed zeros
2025,published_accounting,declining,no_library_staff_hours,218,2126869,867599.75,867599.75,0,867599.75,867599.75,407.923454618032422307156670203947680839769633202609093460857,407.923454618032422307156670203947680839769633202609093460857,bounds on aggregate provision; missing source values not observed zeros
2025,published_accounting,declining,total_hours,218,2126869,1542535.4,1542535.4,0,1542535.4,1542535.4,725.261123275575505590612303813728066937832090269781542727831,725.261123275575505590612303813728066937832090269781542727831,bounds on aggregate provision; missing source values not observed zeros
2025,published_accounting,declining,paid_fte,218,2126869,1472.87,1472.87,0,1472.87,1472.87,0.692506214534134448336968567410592753949585047316031217719568,0.692506214534134448336968567410592753949585047316031217719568,bounds on aggregate provision; missing source values not observed zeros
2025,published_accounting,nondeclining,staff_service_hours,50,3391028,,506448,1,506448,unbounded,149.349400830662560144003529313234806672194980401223463799178,unbounded,bounds on aggregate provision; missing source values not observed zeros
2025,published_accounting,nondeclining,staff_present_no_service_hours,50,3391028,,24450,2,24450,unbounded,7.21020292371516837961821606899146807398818293449655974530437,unbounded,bounds on aggregate provision; missing source values not observed zeros
2025,published_accounting,nondeclining,no_library_staff_hours,50,3391028,,533052.5,1,533052.5,unbounded,157.194956809557455733187694115176872617978972748087010782571,unbounded,bounds on aggregate provision; missing source values not observed zeros
2025,published_accounting,nondeclining,total_hours,50,3391028,,1063950.5,1,1063950.5,unbounded,313.754560563935184256809439497403147364162136083807034327054,unbounded,bounds on aggregate provision; missing source values not observed zeros
2025,published_accounting,nondeclining,paid_fte,50,3391028,2337.67,2337.67,0,2337.67,2337.67,0.689369123463445303312151949202424751432309022514706454797778,0.689369123463445303312151949202424751432309022514706454797778,bounds on aggregate provision; missing source values not observed zeros
2025,published_accounting,all,staff_service_hours,268,5517897,,1082651.8,1,1082651.8,unbounded,196.207323188526353427764236991013061679114343743640013577637,unbounded,bounds on aggregate provision; missing source values not observed zeros
2025,published_accounting,all,staff_present_no_service_hours,268,5517897,,123181.85,3,123181.85,unbounded,22.3240575168402019827481375603785282690126328925675850781557,unbounded,bounds on aggregate provision; missing source values not observed zeros
2025,published_accounting,all,no_library_staff_hours,268,5517897,,1400652.25,1,1400652.25,unbounded,253.838056418958164677593655698901229943219309820389905792007,unbounded,bounds on aggregate provision; missing source values not observed zeros
2025,published_accounting,all,total_hours,268,5517897,,2606485.9,1,2606485.9,unbounded,472.369437124324720088106030250292819891346286456597504447800,unbounded,bounds on aggregate provision; missing source values not observed zeros
2025,published_accounting,all,paid_fte,268,5517897,3810.54,3810.54,0,3810.54,3810.54,0.690578312715877081431567135087878588527477044243486241225597,0.690578312715877081431567135087878588527477044243486241225597,bounds on aggregate provision; missing source values not observed zeros
2022,conservative_relaxation,declining,staff_service_hours,218,2126869,631556.3,631556.3,0,631556.3,631556.3,296.941795663014506300105930360544067359108623991416490625422,296.941795663014506300105930360544067359108623991416490625422,bounds on aggregate provision; missing source values not observed zeros
2022,conservative_relaxation,declining,staff_present_no_service_hours,218,2126869,,80152,1,80152,81640,37.6854427799737548480889043942057550323973878974210447375931,38.3850627377614700294188311550922976450359660138917817693520,bounds on aggregate provision; missing source values not observed zeros
2022,conservative_relaxation,declining,no_library_staff_hours,218,2126869,,700494.76,1,700494.76,701982.76,329.354915605991718342784628484405950719108699219368940917377,330.054535563779433524114555245292493331747277335839677949136,bounds on aggregate provision; missing source values not observed zeros
2022,conservative_relaxation,declining,total_hours,218,2126869,1412203.06,1412203.06,0,1412203.06,1412203.06,663.982154048979979490979463239155773110614711108206476280392,663.982154048979979490979463239155773110614711108206476280392,bounds on aggregate provision; missing source values not observed zeros
2022,conservative_relaxation,declining,paid_fte,218,2126869,1505.61,1505.61,0,1505.61,1505.61,0.707899734304275439625101498963970042348635482486227407517811,0.707899734304275439625101498963970042348635482486227407517811,bounds on aggregate provision; missing source values not observed zeros
2022,conservative_relaxation,nondeclining,staff_service_hours,50,3391028,527925.55,527925.55,0,527925.55,527925.55,155.683040659056781601331513629495244509924424097943160599087,155.683040659056781601331513629495244509924424097943160599087,bounds on aggregate provision; missing source values not observed zeros
2022,conservative_relaxation,nondeclining,staff_present_no_service_hours,50,3391028,,27493,2,27493,105858.05,8.10757091949697849737601694825286019460765290053635652669338,31.2170969983143754637236849710471278916010130261383863536367,bounds on aggregate provision; missing source values not observed zeros
2022,conservative_relaxation,nondeclining,no_library_staff_hours,50,3391028,431461,431461,0,431461,431461,127.236047593827004672329452897469439945644801517415957638805,127.236047593827004672329452897469439945644801517415957638805,bounds on aggregate provision; missing source values not observed zeros
2022,conservative_relaxation,nondeclining,total_hours,50,3391028,986879.55,986879.55,0,986879.55,986879.55,291.026659172380764771036983475217544650176878515895474764585,291.026659172380764771036983475217544650176878515895474764585,bounds on aggregate provision; missing source values not observed zeros
2022,conservative_relaxation,nondeclining,paid_fte,50,3391028,2306.31,2306.31,0,2306.31,2306.31,0.680121190388283434993754106424364528986490232460481010478238,0.680121190388283434993754106424364528986490232460481010478238,bounds on aggregate provision; missing source values not observed zeros
2022,conservative_relaxation,all,staff_service_hours,268,5517897,1159481.85,1159481.85,0,1159481.85,1159481.85,210.131115169420523797381502409341819899864024283164401220247,210.131115169420523797381502409341819899864024283164401220247,bounds on aggregate provision; missing source values not observed zeros
2022,conservative_relaxation,all,staff_present_no_service_hours,268,5517897,,107645,3,107645,187498.05,19.5083380498041192142586206302872271809350555111847865228365,33.9799836785644965826654611349215108582128299966454611240478,bounds on aggregate provision; missing source values not observed zeros
2022,conservative_relaxation,all,no_library_staff_hours,268,5517897,,1131955.76,1,1131955.76,1133443.76,205.142604147920847380804679753898994490110996997588030367366,205.412272102940667431813243342527053332093730636871257292407,bounds on aggregate provision; missing source values not observed zeros
2022,conservative_relaxation,all,total_hours,268,5517897,2399082.61,2399082.61,0,2399082.61,2399082.61,434.782057367145490392444802793528041570910076791937218110450,434.782057367145490392444802793528041570910076791937218110450,bounds on aggregate provision; missing source values not observed zeros
2022,conservative_relaxation,all,paid_fte,268,5517897,3811.92,3811.92,0,3811.92,3811.92,0.690828407996742237124034754545073965679315869796047298454466,0.690828407996742237124034754545073965679315869796047298454466,bounds on aggregate provision; missing source values not observed zeros
2023,conservative_relaxation,declining,staff_service_hours,218,2126869,618849.5,618849.5,0,618849.5,618849.5,290.967379749293444965345773529070196612955475866167591892119,290.967379749293444965345773529070196612955475866167591892119,bounds on aggregate provision; missing source values not observed zeros
2023,conservative_relaxation,declining,staff_present_no_service_hours,218,2126869,,84846,2,84846,87893,39.8924428349841950773648964745830608279118271976318240568648,41.3250651544594424950478849426081249009694532197328561373550,bounds on aggregate provision; missing source values not observed zeros
2023,conservative_relaxation,declining,no_library_staff_hours,218,2126869,,783674.5,2,783674.5,786721.5,368.463925140664516714475597697836585139940447672141537631138,369.896547460139764132158586165861649212998073694242569711628,bounds on aggregate provision; missing source values not observed zeros
2023,conservative_relaxation,declining,total_hours,218,2126869,1487370,1487370,0,1487370,1487370,699.323747724942156757186267701489842580807750735940953580122,699.323747724942156757186267701489842580807750735940953580122,bounds on aggregate provision; missing source values not observed zeros
2023,conservative_relaxation,declining,paid_fte,218,2126869,1513.63,1513.63,0,1513.63,1513.63,0.711670535420846323868559840780038638957077281205377482111028,0.711670535420846323868559840780038638957077281205377482111028,bounds on aggregate provision; missing source values not observed zeros
2023,conservative_relaxation,nondeclining,staff_service_hours,50,3391028,541084,541084,0,541084,541084,159.563412628854730777805432452931677355657340487899244712813,159.563412628854730777805432452931677355657340487899244712813,bounds on aggregate provision; missing source values not observed zeros
2023,conservative_relaxation,nondeclining,staff_present_no_service_hours,50,3391028,,29657,1,29657,39295,8.74572548501516354332668441546339340164693420402308680435549,11.5879314473369137618444908151746314097082064789792357951630,bounds on aggregate provision; missing source values not observed zeros
2023,conservative_relaxation,nondeclining,no_library_staff_hours,50,3391028,463190,463190,0,463190,463190,136.592797228451077372407423353626098044604762921450368442844,136.592797228451077372407423353626098044604762921450368442844,bounds on aggregate provision; missing source values not observed zeros
2023,conservative_relaxation,nondeclining,total_hours,50,3391028,1033931,1033931,0,1033931,1033931,304.901935342320971693539540222021168801909037613372699960012,304.901935342320971693539540222021168801909037613372699960012,bounds on aggregate provision; missing source values not observed zeros
2023,conservative_relaxation,nondeclining,paid_fte,50,3391028,2283.62,2283.62,0,2283.62,2283.62,0.673430004116745718407515361123529501968134736722905266485561,0.673430004116745718407515361123529501968134736722905266485561,bounds on aggregate provision; missing source values not observed zeros
2023,conservative_relaxation,all,staff_service_hours,268,5517897,1159933.5,1159933.5,0,1159933.5,1159933.5,210.212967005364543774557589603430437356840839906942808102435,210.212967005364543774557589603430437356840839906942808102435,bounds on aggregate provision; missing source values not observed zeros
2023,conservative_relaxation,all,staff_present_no_service_hours,268,5517897,,114503,3,114503,127188,20.7512028586253059816085729762625145050732190180425622297770,23.0500859294763929083852054505548037594757567964751788589022,bounds on aggregate provision; missing source values not observed zeros
2023,conservative_relaxation,all,no_library_staff_hours,268,5517897,,1246864.5,2,1246864.5,1249911.5,225.967338643689797036805870062453141115174857377729232713115,226.519541774701485004160099400188151391734930898492668493087,bounds on aggregate provision; missing source values not observed zeros
2023,conservative_relaxation,all,total_hours,268,5517897,2521301,2521301,0,2521301,2521301,456.931508507679646792972032642146092977088916302714603045327,456.931508507679646792972032642146092977088916302714603045327,bounds on aggregate provision; missing source values not observed zeros
2023,conservative_relaxation,all,paid_fte,268,5517897,3797.25,3797.25,0,3797.25,3797.25,0.688169786424066995088889843358801369434768354682952581391063,0.688169786424066995088889843358801369434768354682952581391063,bounds on aggregate provision; missing source values not observed zeros
2024,conservative_relaxation,declining,staff_service_hours,218,2126869,596999,596999,0,596999,596999,280.693827405449042700796334894156621775953290964323613725152,280.693827405449042700796334894156621775953290964323613725152,bounds on aggregate provision; missing source values not observed zeros
2024,conservative_relaxation,declining,staff_present_no_service_hours,218,2126869,93837.25,93837.25,0,93837.25,93837.25,44.1199011316634922037981652842746779420829397579258525090168,44.1199011316634922037981652842746779420829397579258525090168,bounds on aggregate provision; missing source values not observed zeros
2024,conservative_relaxation,declining,no_library_staff_hours,218,2126869,827874.5,827874.5,0,827874.5,827874.5,389.245647005057669278173690998364262208908964303866387633653,389.245647005057669278173690998364262208908964303866387633653,bounds on aggregate provision; missing source values not observed zeros
2024,conservative_relaxation,declining,total_hours,218,2126869,1518710.75,1518710.75,0,1518710.75,1518710.75,714.059375542170204182768191176795561926945195026115853867822,714.059375542170204182768191176795561926945195026115853867822,bounds on aggregate provision; missing source values not observed zeros
2024,conservative_relaxation,declining,paid_fte,218,2126869,1491.09,1491.09,0,1491.09,1491.09,0.701072797619411444710511084603706199112404196027117796159519,0.701072797619411444710511084603706199112404196027117796159519,bounds on aggregate provision; missing source values not observed zeros
2024,conservative_relaxation,nondeclining,staff_service_hours,50,3391028,522168.5,522168.5,0,522168.5,522168.5,153.985310649160077710947830569373063271668650332583511548710,153.985310649160077710947830569373063271668650332583511548710,bounds on aggregate provision; missing source values not observed zeros
2024,conservative_relaxation,nondeclining,staff_present_no_service_hours,50,3391028,,24161,1,24161,94654,7.12497803026102998854624615308396155973940645727490306774229,27.9130694290934784378070602778862339090093033734902808233963,bounds on aggregate provision; missing source values not observed zeros
2024,conservative_relaxation,nondeclining,no_library_staff_hours,50,3391028,497848,497848,0,497848,497848,146.813296734795466153626569877924924241262531598087659553386,146.813296734795466153626569877924924241262531598087659553386,bounds on aggregate provision; missing source values not observed zeros
2024,conservative_relaxation,nondeclining,total_hours,50,3391028,1044177.5,1044177.5,0,1044177.5,1044177.5,307.923585414216573853120646600381949072670588387946074169839,307.923585414216573853120646600381949072670588387946074169839,bounds on aggregate provision; missing source values not observed zeros
2024,conservative_relaxation,nondeclining,paid_fte,50,3391028,2293.39,2293.39,0,2293.39,2293.39,0.676311136327980777510536627830852473055368460537630476657816,0.676311136327980777510536627830852473055368460537630476657816,bounds on aggregate provision; missing source values not observed zeros
2024,conservative_relaxation,all,staff_service_hours,268,5517897,1119167.5,1119167.5,0,1119167.5,1119167.5,202.825007425836328586778622362831346797520867098461605934290,202.825007425836328586778622362831346797520867098461605934290,bounds on aggregate provision; missing source values not observed zeros
2024,conservative_relaxation,all,staff_present_no_service_hours,268,5517897,,117998.25,1,117998.25,188491.25,21.3846416488020707889255634891336318891055777228172254755752,34.1599797894016506650994029065783576605362514015756365151434,bounds on aggregate provision; missing source values not observed zeros
2024,conservative_relaxation,all,no_library_staff_hours,268,5517897,1325722.5,1325722.5,0,1325722.5,1325722.5,240.258652888953889498118576696882888535251745366033472534917,240.258652888953889498118576696882888535251745366033472534917,bounds on aggregate provision; missing source values not observed zeros
2024,conservative_relaxation,all,total_hours,268,5517897,2562888.25,2562888.25,0,2562888.25,2562888.25,464.468301963592288873822762548847867221878190187312303944782,464.468301963592288873822762548847867221878190187312303944782,bounds on aggregate provision; missing source values not observed zeros
2024,conservative_relaxation,all,paid_fte,268,5517897,3784.48,3784.48,0,3784.48,3784.48,0.685855498933742329731780060410696321442752555910340479352913,0.685855498933742329731780060410696321442752555910340479352913,bounds on aggregate provision; missing source values not observed zeros
2025,conservative_relaxation,declining,staff_service_hours,218,2126869,576203.8,576203.8,0,576203.8,576203.8,270.916450425484597311823154129379853672228990125861066196367,270.916450425484597311823154129379853672228990125861066196367,bounds on aggregate provision; missing source values not observed zeros
2025,conservative_relaxation,declining,staff_present_no_service_hours,218,2126869,,98731.85,1,98731.85,106580.85,46.4212182320584859716324794804005324258334669413113830706075,50.1116194744481206882041160033833771614518806753025221581583,bounds on aggregate provision; missing source values not observed zeros
2025,conservative_relaxation,declining,no_library_staff_hours,218,2126869,867599.75,867599.75,0,867599.75,867599.75,407.923454618032422307156670203947680839769633202609093460857,407.923454618032422307156670203947680839769633202609093460857,bounds on aggregate provision; missing source values not observed zeros
2025,conservative_relaxation,declining,total_hours,218,2126869,1542535.4,1542535.4,0,1542535.4,1542535.4,725.261123275575505590612303813728066937832090269781542727831,725.261123275575505590612303813728066937832090269781542727831,bounds on aggregate provision; missing source values not observed zeros
2025,conservative_relaxation,declining,paid_fte,218,2126869,1472.87,1472.87,0,1472.87,1472.87,0.692506214534134448336968567410592753949585047316031217719568,0.692506214534134448336968567410592753949585047316031217719568,bounds on aggregate provision; missing source values not observed zeros
2025,conservative_relaxation,nondeclining,staff_service_hours,50,3391028,,506448,1,506448,unbounded,149.349400830662560144003529313234806672194980401223463799178,unbounded,bounds on aggregate provision; missing source values not observed zeros
2025,conservative_relaxation,nondeclining,staff_present_no_service_hours,50,3391028,,24450,2,24450,unbounded,7.21020292371516837961821606899146807398818293449655974530437,unbounded,bounds on aggregate provision; missing source values not observed zeros
2025,conservative_relaxation,nondeclining,no_library_staff_hours,50,3391028,,533052.5,1,533052.5,unbounded,157.194956809557455733187694115176872617978972748087010782571,unbounded,bounds on aggregate provision; missing source values not observed zeros
2025,conservative_relaxation,nondeclining,total_hours,50,3391028,,1063950.5,1,1063950.5,unbounded,313.754560563935184256809439497403147364162136083807034327054,unbounded,bounds on aggregate provision; missing source values not observed zeros
2025,conservative_relaxation,nondeclining,paid_fte,50,3391028,2337.67,2337.67,0,2337.67,2337.67,0.689369123463445303312151949202424751432309022514706454797778,0.689369123463445303312151949202424751432309022514706454797778,bounds on aggregate provision; missing source values not observed zeros
2025,conservative_relaxation,all,staff_service_hours,268,5517897,,1082651.8,1,1082651.8,unbounded,196.207323188526353427764236991013061679114343743640013577637,unbounded,bounds on aggregate provision; missing source values not observed zeros
2025,conservative_relaxation,all,staff_present_no_service_hours,268,5517897,,123181.85,3,123181.85,unbounded,22.3240575168402019827481375603785282690126328925675850781557,unbounded,bounds on aggregate provision; missing source values not observed zeros
2025,conservative_relaxation,all,no_library_staff_hours,268,5517897,,1400652.25,1,1400652.25,unbounded,253.838056418958164677593655698901229943219309820389905792007,unbounded,bounds on aggregate provision; missing source values not observed zeros
2025,conservative_relaxation,all,total_hours,268,5517897,,2606485.9,1,2606485.9,unbounded,472.369437124324720088106030250292819891346286456597504447800,unbounded,bounds on aggregate provision; missing source values not observed zeros
2025,conservative_relaxation,all,paid_fte,268,5517897,3810.54,3810.54,0,3810.54,3810.54,0.690578312715877081431567135087878588527477044243486241225597,0.690578312715877081431567135087878588527477044243486241225597,bounds on aggregate provision; missing source values not observed zeros
