start_year,end_year,source_scenario,field,definition,frame_territories,count_lower,count_upper
2022,2025,conservative_relaxation,staff_service_hours,absolute_decrease_per_resident_increase,268,35,36
2022,2025,conservative_relaxation,staff_service_hours,absolute_increase_per_resident_decrease,268,4,4
2022,2025,conservative_relaxation,total_hours,absolute_decrease_per_resident_increase,268,27,28
2022,2025,conservative_relaxation,total_hours,absolute_increase_per_resident_decrease,268,5,5
2022,2025,published_accounting,staff_service_hours,absolute_decrease_per_resident_increase,268,35,36
2022,2025,published_accounting,staff_service_hours,absolute_increase_per_resident_decrease,268,4,4
2022,2025,published_accounting,total_hours,absolute_decrease_per_resident_increase,268,27,28
2022,2025,published_accounting,total_hours,absolute_increase_per_resident_decrease,268,5,5
2023,2025,conservative_relaxation,staff_service_hours,absolute_decrease_per_resident_increase,268,27,28
2023,2025,conservative_relaxation,staff_service_hours,absolute_increase_per_resident_decrease,268,4,4
2023,2025,conservative_relaxation,total_hours,absolute_decrease_per_resident_increase,268,23,24
2023,2025,conservative_relaxation,total_hours,absolute_increase_per_resident_decrease,268,5,5
2023,2025,published_accounting,staff_service_hours,absolute_decrease_per_resident_increase,268,27,28
2023,2025,published_accounting,staff_service_hours,absolute_increase_per_resident_decrease,268,4,4
2023,2025,published_accounting,total_hours,absolute_decrease_per_resident_increase,268,23,24
2023,2025,published_accounting,total_hours,absolute_increase_per_resident_decrease,268,5,5
