source_scenario,start_year,end_year,decline_threshold_percent,weight,omitted_region,difference_lower,difference_upper,difference_lower_exact,difference_upper_exact,direction,interpretation
conservative_relaxation,2022,2025,0,population_2022,,0.0997293245997216163956430645431553522644807105867717135271319,0.101557088923696529018010087168742637300169003340473540819623,24802587877/248699045908,732457382495/7212272331332,declining minus nondeclining,"national frame descriptive quantity; source-identification envelope, not causal or sampling inference"
conservative_relaxation,2022,2025,0,equal_territory,,0.0157798165137614678899082568807339449541284403669724770642202,0.0357798165137614678899082568807339449541284403669724770642202,43/2725,39/1090,declining minus nondeclining,"national frame descriptive quantity; source-identification envelope, not causal or sampling inference"
conservative_relaxation,2022,2025,2,population_2022,,0.191665553183805177134675876008776797416953514543816167660940,0.193493317507780089757042898634364082452641807297517994953430,1382344166097/7212272331332,1395526500159/7212272331332,declining minus nondeclining,"national frame descriptive quantity; source-identification envelope, not causal or sampling inference"
conservative_relaxation,2022,2025,2,equal_territory,,0.0223853211009174311926605504587155963302752293577981651376147,0.0423853211009174311926605504587155963302752293577981651376147,61/2725,231/5450,declining minus nondeclining,"national frame descriptive quantity; source-identification envelope, not causal or sampling inference"
conservative_relaxation,2022,2025,5,population_2022,,0.143954578826927421499977202685860083991370077414075552092256,0.145782343150902334122344225311447369027058370167777379384747,519119812921/3606136165666,262855489976/1803068082833,declining minus nondeclining,"national frame descriptive quantity; source-identification envelope, not causal or sampling inference"
conservative_relaxation,2022,2025,5,equal_territory,,0.0689908256880733944954128440366972477064220183486238532110092,0.0889908256880733944954128440366972477064220183486238532110092,188/2725,97/1090,declining minus nondeclining,"national frame descriptive quantity; source-identification envelope, not causal or sampling inference"
conservative_relaxation,2023,2025,0,population_2022,,-0.0297801222475930657441225651040867924743707497279346579197171,-0.0279523579236181531217555424784995074386824569742328306272264,-3703143995/124349522954,-50400004412/1803068082833,declining minus nondeclining,"national frame descriptive quantity; source-identification envelope, not causal or sampling inference"
conservative_relaxation,2023,2025,0,equal_territory,,-0.00348623853211009174311926605504587155963302752293577981651376,0.0165137614678899082568807339449541284403669724770642201834862,-19/5450,9/545,declining minus nondeclining,"national frame descriptive quantity; source-identification envelope, not causal or sampling inference"
conservative_relaxation,2023,2025,2,population_2022,,0.0109703439765130862471584692807606335794071209277575511245603,0.0127981083004879988695254919063479186150954136814593784170510,2552293817/232653946172,92303442389/7212272331332,declining minus nondeclining,"national frame descriptive quantity; source-identification envelope, not causal or sampling inference"
conservative_relaxation,2023,2025,2,equal_territory,,0.0522935779816513761467889908256880733944954128440366972477064,0.0722935779816513761467889908256880733944954128440366972477064,57/1090,197/2725,declining minus nondeclining,"national frame descriptive quantity; source-identification envelope, not causal or sampling inference"
conservative_relaxation,2023,2025,5,population_2022,,0.0556000900089335201390129081793608320812105789782105342105161,0.0574278543329084327613799308049481171168988717319123615030067,9780560751/175909081252,414185324853/7212272331332,declining minus nondeclining,"national frame descriptive quantity; source-identification envelope, not causal or sampling inference"
conservative_relaxation,2023,2025,5,equal_territory,,0.0480733944954128440366972477064220183486238532110091743119266,0.0680733944954128440366972477064220183486238532110091743119266,131/2725,371/5450,declining minus nondeclining,"national frame descriptive quantity; source-identification envelope, not causal or sampling inference"
published_accounting,2022,2025,0,population_2022,,0.0997293245997216163956430645431553522644807105867717135271319,0.101557088923696529018010087168742637300169003340473540819623,24802587877/248699045908,732457382495/7212272331332,declining minus nondeclining,"national frame descriptive quantity; source-identification envelope, not causal or sampling inference"
published_accounting,2022,2025,0,equal_territory,,0.0157798165137614678899082568807339449541284403669724770642202,0.0357798165137614678899082568807339449541284403669724770642202,43/2725,39/1090,declining minus nondeclining,"national frame descriptive quantity; source-identification envelope, not causal or sampling inference"
published_accounting,2022,2025,2,population_2022,,0.191665553183805177134675876008776797416953514543816167660940,0.193493317507780089757042898634364082452641807297517994953430,1382344166097/7212272331332,1395526500159/7212272331332,declining minus nondeclining,"national frame descriptive quantity; source-identification envelope, not causal or sampling inference"
published_accounting,2022,2025,2,equal_territory,,0.0223853211009174311926605504587155963302752293577981651376147,0.0423853211009174311926605504587155963302752293577981651376147,61/2725,231/5450,declining minus nondeclining,"national frame descriptive quantity; source-identification envelope, not causal or sampling inference"
published_accounting,2022,2025,5,population_2022,,0.143954578826927421499977202685860083991370077414075552092256,0.145782343150902334122344225311447369027058370167777379384747,519119812921/3606136165666,262855489976/1803068082833,declining minus nondeclining,"national frame descriptive quantity; source-identification envelope, not causal or sampling inference"
published_accounting,2022,2025,5,equal_territory,,0.0689908256880733944954128440366972477064220183486238532110092,0.0889908256880733944954128440366972477064220183486238532110092,188/2725,97/1090,declining minus nondeclining,"national frame descriptive quantity; source-identification envelope, not causal or sampling inference"
published_accounting,2023,2025,0,population_2022,,-0.0297801222475930657441225651040867924743707497279346579197171,-0.0279523579236181531217555424784995074386824569742328306272264,-3703143995/124349522954,-50400004412/1803068082833,declining minus nondeclining,"national frame descriptive quantity; source-identification envelope, not causal or sampling inference"
published_accounting,2023,2025,0,equal_territory,,-0.00348623853211009174311926605504587155963302752293577981651376,0.0165137614678899082568807339449541284403669724770642201834862,-19/5450,9/545,declining minus nondeclining,"national frame descriptive quantity; source-identification envelope, not causal or sampling inference"
published_accounting,2023,2025,2,population_2022,,0.0109703439765130862471584692807606335794071209277575511245603,0.0127981083004879988695254919063479186150954136814593784170510,2552293817/232653946172,92303442389/7212272331332,declining minus nondeclining,"national frame descriptive quantity; source-identification envelope, not causal or sampling inference"
published_accounting,2023,2025,2,equal_territory,,0.0522935779816513761467889908256880733944954128440366972477064,0.0722935779816513761467889908256880733944954128440366972477064,57/1090,197/2725,declining minus nondeclining,"national frame descriptive quantity; source-identification envelope, not causal or sampling inference"
published_accounting,2023,2025,5,population_2022,,0.0556000900089335201390129081793608320812105789782105342105161,0.0574278543329084327613799308049481171168988717319123615030067,9780560751/175909081252,414185324853/7212272331332,declining minus nondeclining,"national frame descriptive quantity; source-identification envelope, not causal or sampling inference"
published_accounting,2023,2025,5,equal_territory,,0.0480733944954128440366972477064220183486238532110091743119266,0.0680733944954128440366972477064220183486238532110091743119266,131/2725,371/5450,declining minus nondeclining,"national frame descriptive quantity; source-identification envelope, not causal or sampling inference"
