source_scenario,start_year,end_year,decline_threshold_percent,weight,population_context,omitted_region,original_frame_territories,original_baseline_population,applicable_territories,zero_baseline_separate_territories,denominator_weight,numerator_weight_lower,numerator_weight_upper,event_count_lower,event_count_upper,proportion_lower,proportion_upper,proportion_lower_exact,proportion_upper_exact,status,interpretation
conservative_relaxation,2022,2025,0,population_2022,declining,,218,2126869,218,0,2126869,989270,989270,95,95,0.465129728253127014404742370122466404842047159463041682397929,0.465129728253127014404742370122466404842047159463041682397929,989270/2126869,989270/2126869,identified_source_domain,"national frame descriptive quantity; source-identification envelope, not sampling confidence interval"
conservative_relaxation,2022,2025,0,population_2022,nondeclining,,50,3391028,50,0,3391028,1232885,1239083,20,21,0.363572639329430485386732282953723767541878156122568141578306,0.365400403653405398009099305579311052577566448876269968870797,1232885/3391028,42727/116932,source_uncertainty,"national frame descriptive quantity; source-identification envelope, not sampling confidence interval"
conservative_relaxation,2022,2025,0,equal_territory,declining,,218,2126869,218,0,218,95,95,95,95,0.435779816513761467889908256880733944954128440366972477064220,0.435779816513761467889908256880733944954128440366972477064220,95/218,95/218,identified_source_domain,"national frame descriptive quantity; source-identification envelope, not sampling confidence interval"
conservative_relaxation,2022,2025,0,equal_territory,nondeclining,,50,3391028,50,0,50,20,21,20,21,0.4,0.42,2/5,21/50,source_uncertainty,"national frame descriptive quantity; source-identification envelope, not sampling confidence interval"
conservative_relaxation,2022,2025,2,population_2022,declining,,218,2126869,218,0,2126869,899674,899674,79,79,0.423003955579774776913857882173279125324596860455439427628124,0.423003955579774776913857882173279125324596860455439427628124,899674/2126869,899674/2126869,identified_source_domain,"national frame descriptive quantity; source-identification envelope, not sampling confidence interval"
conservative_relaxation,2022,2025,2,population_2022,nondeclining,,50,3391028,50,0,3391028,778277,784475,16,17,0.229510638071994687156814983538915042871955053157921432674693,0.231338402395969599779182006164502327907643345911623259967184,778277/3391028,784475/3391028,source_uncertainty,"national frame descriptive quantity; source-identification envelope, not sampling confidence interval"
conservative_relaxation,2022,2025,2,equal_territory,declining,,218,2126869,218,0,218,79,79,79,79,0.362385321100917431192660550458715596330275229357798165137615,0.362385321100917431192660550458715596330275229357798165137615,79/218,79/218,identified_source_domain,"national frame descriptive quantity; source-identification envelope, not sampling confidence interval"
conservative_relaxation,2022,2025,2,equal_territory,nondeclining,,50,3391028,50,0,50,16,17,16,17,0.32,0.34,8/25,17/50,source_uncertainty,"national frame descriptive quantity; source-identification envelope, not sampling confidence interval"
conservative_relaxation,2022,2025,5,population_2022,declining,,218,2126869,218,0,2126869,704356,704356,63,63,0.331170372975486501519369552144490328271275757933375304261805,0.331170372975486501519369552144490328271275757933375304261805,704356/2126869,704356/2126869,identified_source_domain,"national frame descriptive quantity; source-identification envelope, not sampling confidence interval"
conservative_relaxation,2022,2025,5,population_2022,nondeclining,,50,3391028,50,0,3391028,628656,634854,10,11,0.185388029824584167397025326833042959244217387765597924877058,0.187215794148559080019392349458630244279905680519299752169549,157164/847757,317427/1695514,source_uncertainty,"national frame descriptive quantity; source-identification envelope, not sampling confidence interval"
conservative_relaxation,2022,2025,5,equal_territory,declining,,218,2126869,218,0,218,63,63,63,63,0.288990825688073394495412844036697247706422018348623853211009,0.288990825688073394495412844036697247706422018348623853211009,63/218,63/218,identified_source_domain,"national frame descriptive quantity; source-identification envelope, not sampling confidence interval"
conservative_relaxation,2022,2025,5,equal_territory,nondeclining,,50,3391028,50,0,50,10,11,10,11,0.2,0.22,1/5,11/50,source_uncertainty,"national frame descriptive quantity; source-identification envelope, not sampling confidence interval"
conservative_relaxation,2023,2025,0,population_2022,declining,,218,2126869,218,0,2126869,493425,493425,69,69,0.231995952736158174292821983864544548818004305859928373585773,0.231995952736158174292821983864544548818004305859928373585773,493425/2126869,493425/2126869,identified_source_domain,"national frame descriptive quantity; source-identification envelope, not sampling confidence interval"
conservative_relaxation,2023,2025,0,population_2022,nondeclining,,50,3391028,50,0,3391028,881492,887690,15,16,0.259948310659776327414577526343044056256686762834161204213000,0.261776074983751240036944548968631341292375055587863031505490,220373/847757,15305/58466,source_uncertainty,"national frame descriptive quantity; source-identification envelope, not sampling confidence interval"
conservative_relaxation,2023,2025,0,equal_territory,declining,,218,2126869,218,0,218,69,69,69,69,0.316513761467889908256880733944954128440366972477064220183486,0.316513761467889908256880733944954128440366972477064220183486,69/218,69/218,identified_source_domain,"national frame descriptive quantity; source-identification envelope, not sampling confidence interval"
conservative_relaxation,2023,2025,0,equal_territory,nondeclining,,50,3391028,50,0,50,15,16,15,16,0.3,0.32,3/10,8/25,source_uncertainty,"national frame descriptive quantity; source-identification envelope, not sampling confidence interval"
conservative_relaxation,2023,2025,2,population_2022,declining,,218,2126869,218,0,2126869,416302,416302,55,55,0.195734669131009009017480625275933778714156819249328472980705,0.195734669131009009017480625275933778714156819249328472980705,416302/2126869,416302/2126869,identified_source_domain,"national frame descriptive quantity; source-identification envelope, not sampling confidence interval"
conservative_relaxation,2023,2025,2,population_2022,nondeclining,,50,3391028,50,0,3391028,620343,626541,9,10,0.182936560830521010147955133369585860099061405567869094563654,0.184764325154495922770322155995173145134749698321570921856145,620343/3391028,20211/109388,source_uncertainty,"national frame descriptive quantity; source-identification envelope, not sampling confidence interval"
conservative_relaxation,2023,2025,2,equal_territory,declining,,218,2126869,218,0,218,55,55,55,55,0.252293577981651376146788990825688073394495412844036697247706,0.252293577981651376146788990825688073394495412844036697247706,55/218,55/218,identified_source_domain,"national frame descriptive quantity; source-identification envelope, not sampling confidence interval"
conservative_relaxation,2023,2025,2,equal_territory,nondeclining,,50,3391028,50,0,50,9,10,9,10,0.18,0.2,9/50,1/5,source_uncertainty,"national frame descriptive quantity; source-identification envelope, not sampling confidence interval"
conservative_relaxation,2023,2025,5,population_2022,declining,,218,2126869,218,0,2126869,337375,337375,41,41,0.158625190361982801949720457630441743238535142502899802479607,0.158625190361982801949720457630441743238535142502899802479607,337375/2126869,337375/2126869,identified_source_domain,"national frame descriptive quantity; source-identification envelope, not sampling confidence interval"
conservative_relaxation,2023,2025,5,population_2022,nondeclining,,50,3391028,50,0,3391028,343163,349361,6,7,0.101197336029074369188340526825493626121636270770987440976601,0.103025100353049281810707549451080911157324563524689268269091,343163/3391028,8521/82708,source_uncertainty,"national frame descriptive quantity; source-identification envelope, not sampling confidence interval"
conservative_relaxation,2023,2025,5,equal_territory,declining,,218,2126869,218,0,218,41,41,41,41,0.188073394495412844036697247706422018348623853211009174311927,0.188073394495412844036697247706422018348623853211009174311927,41/218,41/218,identified_source_domain,"national frame descriptive quantity; source-identification envelope, not sampling confidence interval"
conservative_relaxation,2023,2025,5,equal_territory,nondeclining,,50,3391028,50,0,50,6,7,6,7,0.12,0.14,3/25,7/50,source_uncertainty,"national frame descriptive quantity; source-identification envelope, not sampling confidence interval"
published_accounting,2022,2025,0,population_2022,declining,,218,2126869,218,0,2126869,989270,989270,95,95,0.465129728253127014404742370122466404842047159463041682397929,0.465129728253127014404742370122466404842047159463041682397929,989270/2126869,989270/2126869,identified_source_domain,"national frame descriptive quantity; source-identification envelope, not sampling confidence interval"
published_accounting,2022,2025,0,population_2022,nondeclining,,50,3391028,50,0,3391028,1232885,1239083,20,21,0.363572639329430485386732282953723767541878156122568141578306,0.365400403653405398009099305579311052577566448876269968870797,1232885/3391028,42727/116932,source_uncertainty,"national frame descriptive quantity; source-identification envelope, not sampling confidence interval"
published_accounting,2022,2025,0,equal_territory,declining,,218,2126869,218,0,218,95,95,95,95,0.435779816513761467889908256880733944954128440366972477064220,0.435779816513761467889908256880733944954128440366972477064220,95/218,95/218,identified_source_domain,"national frame descriptive quantity; source-identification envelope, not sampling confidence interval"
published_accounting,2022,2025,0,equal_territory,nondeclining,,50,3391028,50,0,50,20,21,20,21,0.4,0.42,2/5,21/50,source_uncertainty,"national frame descriptive quantity; source-identification envelope, not sampling confidence interval"
published_accounting,2022,2025,2,population_2022,declining,,218,2126869,218,0,2126869,899674,899674,79,79,0.423003955579774776913857882173279125324596860455439427628124,0.423003955579774776913857882173279125324596860455439427628124,899674/2126869,899674/2126869,identified_source_domain,"national frame descriptive quantity; source-identification envelope, not sampling confidence interval"
published_accounting,2022,2025,2,population_2022,nondeclining,,50,3391028,50,0,3391028,778277,784475,16,17,0.229510638071994687156814983538915042871955053157921432674693,0.231338402395969599779182006164502327907643345911623259967184,778277/3391028,784475/3391028,source_uncertainty,"national frame descriptive quantity; source-identification envelope, not sampling confidence interval"
published_accounting,2022,2025,2,equal_territory,declining,,218,2126869,218,0,218,79,79,79,79,0.362385321100917431192660550458715596330275229357798165137615,0.362385321100917431192660550458715596330275229357798165137615,79/218,79/218,identified_source_domain,"national frame descriptive quantity; source-identification envelope, not sampling confidence interval"
published_accounting,2022,2025,2,equal_territory,nondeclining,,50,3391028,50,0,50,16,17,16,17,0.32,0.34,8/25,17/50,source_uncertainty,"national frame descriptive quantity; source-identification envelope, not sampling confidence interval"
published_accounting,2022,2025,5,population_2022,declining,,218,2126869,218,0,2126869,704356,704356,63,63,0.331170372975486501519369552144490328271275757933375304261805,0.331170372975486501519369552144490328271275757933375304261805,704356/2126869,704356/2126869,identified_source_domain,"national frame descriptive quantity; source-identification envelope, not sampling confidence interval"
published_accounting,2022,2025,5,population_2022,nondeclining,,50,3391028,50,0,3391028,628656,634854,10,11,0.185388029824584167397025326833042959244217387765597924877058,0.187215794148559080019392349458630244279905680519299752169549,157164/847757,317427/1695514,source_uncertainty,"national frame descriptive quantity; source-identification envelope, not sampling confidence interval"
published_accounting,2022,2025,5,equal_territory,declining,,218,2126869,218,0,218,63,63,63,63,0.288990825688073394495412844036697247706422018348623853211009,0.288990825688073394495412844036697247706422018348623853211009,63/218,63/218,identified_source_domain,"national frame descriptive quantity; source-identification envelope, not sampling confidence interval"
published_accounting,2022,2025,5,equal_territory,nondeclining,,50,3391028,50,0,50,10,11,10,11,0.2,0.22,1/5,11/50,source_uncertainty,"national frame descriptive quantity; source-identification envelope, not sampling confidence interval"
published_accounting,2023,2025,0,population_2022,declining,,218,2126869,218,0,2126869,493425,493425,69,69,0.231995952736158174292821983864544548818004305859928373585773,0.231995952736158174292821983864544548818004305859928373585773,493425/2126869,493425/2126869,identified_source_domain,"national frame descriptive quantity; source-identification envelope, not sampling confidence interval"
published_accounting,2023,2025,0,population_2022,nondeclining,,50,3391028,50,0,3391028,881492,887690,15,16,0.259948310659776327414577526343044056256686762834161204213000,0.261776074983751240036944548968631341292375055587863031505490,220373/847757,15305/58466,source_uncertainty,"national frame descriptive quantity; source-identification envelope, not sampling confidence interval"
published_accounting,2023,2025,0,equal_territory,declining,,218,2126869,218,0,218,69,69,69,69,0.316513761467889908256880733944954128440366972477064220183486,0.316513761467889908256880733944954128440366972477064220183486,69/218,69/218,identified_source_domain,"national frame descriptive quantity; source-identification envelope, not sampling confidence interval"
published_accounting,2023,2025,0,equal_territory,nondeclining,,50,3391028,50,0,50,15,16,15,16,0.3,0.32,3/10,8/25,source_uncertainty,"national frame descriptive quantity; source-identification envelope, not sampling confidence interval"
published_accounting,2023,2025,2,population_2022,declining,,218,2126869,218,0,2126869,416302,416302,55,55,0.195734669131009009017480625275933778714156819249328472980705,0.195734669131009009017480625275933778714156819249328472980705,416302/2126869,416302/2126869,identified_source_domain,"national frame descriptive quantity; source-identification envelope, not sampling confidence interval"
published_accounting,2023,2025,2,population_2022,nondeclining,,50,3391028,50,0,3391028,620343,626541,9,10,0.182936560830521010147955133369585860099061405567869094563654,0.184764325154495922770322155995173145134749698321570921856145,620343/3391028,20211/109388,source_uncertainty,"national frame descriptive quantity; source-identification envelope, not sampling confidence interval"
published_accounting,2023,2025,2,equal_territory,declining,,218,2126869,218,0,218,55,55,55,55,0.252293577981651376146788990825688073394495412844036697247706,0.252293577981651376146788990825688073394495412844036697247706,55/218,55/218,identified_source_domain,"national frame descriptive quantity; source-identification envelope, not sampling confidence interval"
published_accounting,2023,2025,2,equal_territory,nondeclining,,50,3391028,50,0,50,9,10,9,10,0.18,0.2,9/50,1/5,source_uncertainty,"national frame descriptive quantity; source-identification envelope, not sampling confidence interval"
published_accounting,2023,2025,5,population_2022,declining,,218,2126869,218,0,2126869,337375,337375,41,41,0.158625190361982801949720457630441743238535142502899802479607,0.158625190361982801949720457630441743238535142502899802479607,337375/2126869,337375/2126869,identified_source_domain,"national frame descriptive quantity; source-identification envelope, not sampling confidence interval"
published_accounting,2023,2025,5,population_2022,nondeclining,,50,3391028,50,0,3391028,343163,349361,6,7,0.101197336029074369188340526825493626121636270770987440976601,0.103025100353049281810707549451080911157324563524689268269091,343163/3391028,8521/82708,source_uncertainty,"national frame descriptive quantity; source-identification envelope, not sampling confidence interval"
published_accounting,2023,2025,5,equal_territory,declining,,218,2126869,218,0,218,41,41,41,41,0.188073394495412844036697247706422018348623853211009174311927,0.188073394495412844036697247706422018348623853211009174311927,41/218,41/218,identified_source_domain,"national frame descriptive quantity; source-identification envelope, not sampling confidence interval"
published_accounting,2023,2025,5,equal_territory,nondeclining,,50,3391028,50,0,50,6,7,6,7,0.12,0.14,3/25,7/50,source_uncertainty,"national frame descriptive quantity; source-identification envelope, not sampling confidence interval"
