single_region_2022,territories,observed_response,g_min,g_max,baseline_population_min,baseline_population_max
01,24,23,-0.01644959851637187,0.02020612547566318,2580,658457
02,26,26,-0.012378603389829419,0.016182340629206492,971,195137
04,15,15,-0.025590411765656854,-0.0017918208587477942,1352,88651
05,11,11,-0.015880650663888763,0.0003563514685097165,2166,67971
06,22,22,-0.019722465840016797,0.013380267055013998,1786,268387
07,9,9,-0.021879323509252556,0.000960420086881917,2621,120027
08,6,6,-0.020591963223966923,-0.008453309099331455,1835,80454
09,9,9,-0.02324012860735229,-0.000654269135981736,2917,72634
10,6,6,-0.01816214692861901,-0.010016875055909176,1362,63649
11,16,16,-0.02599450454791474,0.005120985538604776,1479,126741
12,9,9,-0.024077621251913196,0.0006657900197367001,2032,114942
13,21,21,-0.022907849521927957,0.00952701342318122,703,144473
14,18,18,-0.024746201716492163,0.008468943556650045,1192,64736
15,14,14,-0.011469619549167595,0.01653098305714814,1289,67615
16,8,8,-0.024081339278873248,0.0007779832463501312,719,47909
17,27,27,-0.025731215652269677,0.019998520930825093,950,219463
18,8,8,-0.023525437490443713,-0.0023632533963084635,1210,36493
19,18,18,-0.022087135565974657,0.008291873295940872,1176,64180
