source_scenario,start_year,end_year,population_context,category,value,territories
conservative_relaxation,2022,2025,all,no_library_staff_hours_direction,decrease,58
conservative_relaxation,2022,2025,all,no_library_staff_hours_direction,increase,181
conservative_relaxation,2022,2025,all,no_library_staff_hours_direction,source_unidentified,2
conservative_relaxation,2022,2025,all,no_library_staff_hours_direction,unchanged,27
conservative_relaxation,2022,2025,all,paid_fte_direction,decrease,132
conservative_relaxation,2022,2025,all,paid_fte_direction,increase,97
conservative_relaxation,2022,2025,all,paid_fte_direction,unchanged,39
conservative_relaxation,2022,2025,all,staff_present_no_service_hours_direction,decrease,81
conservative_relaxation,2022,2025,all,staff_present_no_service_hours_direction,increase,102
conservative_relaxation,2022,2025,all,staff_present_no_service_hours_direction,source_unidentified,5
conservative_relaxation,2022,2025,all,staff_present_no_service_hours_direction,unchanged,80
conservative_relaxation,2022,2025,all,staff_service_hours_direction,decrease,202
conservative_relaxation,2022,2025,all,staff_service_hours_direction,increase,65
conservative_relaxation,2022,2025,all,staff_service_hours_direction,source_unidentified,1
conservative_relaxation,2022,2025,all,staffed_and_total_both_decline,false,181
conservative_relaxation,2022,2025,all,staffed_and_total_both_decline,true,87
conservative_relaxation,2022,2025,all,staffed_and_unstaffed_both_increase,false,224
conservative_relaxation,2022,2025,all,staffed_and_unstaffed_both_increase,true,44
conservative_relaxation,2022,2025,all,total_hours_direction,decrease,98
conservative_relaxation,2022,2025,all,total_hours_direction,increase,168
conservative_relaxation,2022,2025,all,total_hours_direction,source_unidentified,1
conservative_relaxation,2022,2025,all,total_hours_direction,unchanged,1
conservative_relaxation,2022,2025,declining,no_library_staff_hours_direction,decrease,50
conservative_relaxation,2022,2025,declining,no_library_staff_hours_direction,increase,141
conservative_relaxation,2022,2025,declining,no_library_staff_hours_direction,source_unidentified,1
conservative_relaxation,2022,2025,declining,no_library_staff_hours_direction,unchanged,26
conservative_relaxation,2022,2025,declining,paid_fte_direction,decrease,109
conservative_relaxation,2022,2025,declining,paid_fte_direction,increase,76
conservative_relaxation,2022,2025,declining,paid_fte_direction,unchanged,33
conservative_relaxation,2022,2025,declining,staff_present_no_service_hours_direction,decrease,66
conservative_relaxation,2022,2025,declining,staff_present_no_service_hours_direction,increase,85
conservative_relaxation,2022,2025,declining,staff_present_no_service_hours_direction,source_unidentified,2
conservative_relaxation,2022,2025,declining,staff_present_no_service_hours_direction,unchanged,65
conservative_relaxation,2022,2025,declining,staff_service_hours_direction,decrease,167
conservative_relaxation,2022,2025,declining,staff_service_hours_direction,increase,51
conservative_relaxation,2022,2025,declining,staffed_and_total_both_decline,false,146
conservative_relaxation,2022,2025,declining,staffed_and_total_both_decline,true,72
conservative_relaxation,2022,2025,declining,staffed_and_unstaffed_both_increase,false,186
conservative_relaxation,2022,2025,declining,staffed_and_unstaffed_both_increase,true,32
conservative_relaxation,2022,2025,declining,total_hours_direction,decrease,82
conservative_relaxation,2022,2025,declining,total_hours_direction,increase,135
conservative_relaxation,2022,2025,declining,total_hours_direction,unchanged,1
conservative_relaxation,2022,2025,nondeclining,no_library_staff_hours_direction,decrease,8
conservative_relaxation,2022,2025,nondeclining,no_library_staff_hours_direction,increase,40
conservative_relaxation,2022,2025,nondeclining,no_library_staff_hours_direction,source_unidentified,1
conservative_relaxation,2022,2025,nondeclining,no_library_staff_hours_direction,unchanged,1
conservative_relaxation,2022,2025,nondeclining,paid_fte_direction,decrease,23
conservative_relaxation,2022,2025,nondeclining,paid_fte_direction,increase,21
conservative_relaxation,2022,2025,nondeclining,paid_fte_direction,unchanged,6
conservative_relaxation,2022,2025,nondeclining,staff_present_no_service_hours_direction,decrease,15
conservative_relaxation,2022,2025,nondeclining,staff_present_no_service_hours_direction,increase,17
conservative_relaxation,2022,2025,nondeclining,staff_present_no_service_hours_direction,source_unidentified,3
conservative_relaxation,2022,2025,nondeclining,staff_present_no_service_hours_direction,unchanged,15
conservative_relaxation,2022,2025,nondeclining,staff_service_hours_direction,decrease,35
conservative_relaxation,2022,2025,nondeclining,staff_service_hours_direction,increase,14
conservative_relaxation,2022,2025,nondeclining,staff_service_hours_direction,source_unidentified,1
conservative_relaxation,2022,2025,nondeclining,staffed_and_total_both_decline,false,35
conservative_relaxation,2022,2025,nondeclining,staffed_and_total_both_decline,true,15
conservative_relaxation,2022,2025,nondeclining,staffed_and_unstaffed_both_increase,false,38
conservative_relaxation,2022,2025,nondeclining,staffed_and_unstaffed_both_increase,true,12
conservative_relaxation,2022,2025,nondeclining,total_hours_direction,decrease,16
conservative_relaxation,2022,2025,nondeclining,total_hours_direction,increase,33
conservative_relaxation,2022,2025,nondeclining,total_hours_direction,source_unidentified,1
conservative_relaxation,2023,2025,all,no_library_staff_hours_direction,decrease,75
conservative_relaxation,2023,2025,all,no_library_staff_hours_direction,increase,163
conservative_relaxation,2023,2025,all,no_library_staff_hours_direction,source_unidentified,2
conservative_relaxation,2023,2025,all,no_library_staff_hours_direction,unchanged,28
conservative_relaxation,2023,2025,all,paid_fte_direction,decrease,123
conservative_relaxation,2023,2025,all,paid_fte_direction,increase,106
conservative_relaxation,2023,2025,all,paid_fte_direction,unchanged,39
conservative_relaxation,2023,2025,all,staff_present_no_service_hours_direction,decrease,80
conservative_relaxation,2023,2025,all,staff_present_no_service_hours_direction,increase,92
conservative_relaxation,2023,2025,all,staff_present_no_service_hours_direction,source_unidentified,6
conservative_relaxation,2023,2025,all,staff_present_no_service_hours_direction,unchanged,90
conservative_relaxation,2023,2025,all,staff_service_hours_direction,decrease,193
conservative_relaxation,2023,2025,all,staff_service_hours_direction,increase,68
conservative_relaxation,2023,2025,all,staff_service_hours_direction,source_unidentified,1
conservative_relaxation,2023,2025,all,staff_service_hours_direction,unchanged,6
conservative_relaxation,2023,2025,all,staffed_and_total_both_decline,false,159
conservative_relaxation,2023,2025,all,staffed_and_total_both_decline,true,109
conservative_relaxation,2023,2025,all,staffed_and_unstaffed_both_increase,false,221
conservative_relaxation,2023,2025,all,staffed_and_unstaffed_both_increase,true,47
conservative_relaxation,2023,2025,all,total_hours_direction,decrease,123
conservative_relaxation,2023,2025,all,total_hours_direction,increase,139
conservative_relaxation,2023,2025,all,total_hours_direction,source_unidentified,1
conservative_relaxation,2023,2025,all,total_hours_direction,unchanged,5
conservative_relaxation,2023,2025,declining,no_library_staff_hours_direction,decrease,66
conservative_relaxation,2023,2025,declining,no_library_staff_hours_direction,increase,124
conservative_relaxation,2023,2025,declining,no_library_staff_hours_direction,source_unidentified,1
conservative_relaxation,2023,2025,declining,no_library_staff_hours_direction,unchanged,27
conservative_relaxation,2023,2025,declining,paid_fte_direction,decrease,105
conservative_relaxation,2023,2025,declining,paid_fte_direction,increase,80
conservative_relaxation,2023,2025,declining,paid_fte_direction,unchanged,33
conservative_relaxation,2023,2025,declining,staff_present_no_service_hours_direction,decrease,64
conservative_relaxation,2023,2025,declining,staff_present_no_service_hours_direction,increase,80
conservative_relaxation,2023,2025,declining,staff_present_no_service_hours_direction,source_unidentified,3
conservative_relaxation,2023,2025,declining,staff_present_no_service_hours_direction,unchanged,71
conservative_relaxation,2023,2025,declining,staff_service_hours_direction,decrease,160
conservative_relaxation,2023,2025,declining,staff_service_hours_direction,increase,53
conservative_relaxation,2023,2025,declining,staff_service_hours_direction,unchanged,5
conservative_relaxation,2023,2025,declining,staffed_and_total_both_decline,false,127
conservative_relaxation,2023,2025,declining,staffed_and_total_both_decline,true,91
conservative_relaxation,2023,2025,declining,staffed_and_unstaffed_both_increase,false,183
conservative_relaxation,2023,2025,declining,staffed_and_unstaffed_both_increase,true,35
conservative_relaxation,2023,2025,declining,total_hours_direction,decrease,103
conservative_relaxation,2023,2025,declining,total_hours_direction,increase,110
conservative_relaxation,2023,2025,declining,total_hours_direction,unchanged,5
conservative_relaxation,2023,2025,nondeclining,no_library_staff_hours_direction,decrease,9
conservative_relaxation,2023,2025,nondeclining,no_library_staff_hours_direction,increase,39
conservative_relaxation,2023,2025,nondeclining,no_library_staff_hours_direction,source_unidentified,1
conservative_relaxation,2023,2025,nondeclining,no_library_staff_hours_direction,unchanged,1
conservative_relaxation,2023,2025,nondeclining,paid_fte_direction,decrease,18
conservative_relaxation,2023,2025,nondeclining,paid_fte_direction,increase,26
conservative_relaxation,2023,2025,nondeclining,paid_fte_direction,unchanged,6
conservative_relaxation,2023,2025,nondeclining,staff_present_no_service_hours_direction,decrease,16
conservative_relaxation,2023,2025,nondeclining,staff_present_no_service_hours_direction,increase,12
conservative_relaxation,2023,2025,nondeclining,staff_present_no_service_hours_direction,source_unidentified,3
conservative_relaxation,2023,2025,nondeclining,staff_present_no_service_hours_direction,unchanged,19
conservative_relaxation,2023,2025,nondeclining,staff_service_hours_direction,decrease,33
conservative_relaxation,2023,2025,nondeclining,staff_service_hours_direction,increase,15
conservative_relaxation,2023,2025,nondeclining,staff_service_hours_direction,source_unidentified,1
conservative_relaxation,2023,2025,nondeclining,staff_service_hours_direction,unchanged,1
conservative_relaxation,2023,2025,nondeclining,staffed_and_total_both_decline,false,32
conservative_relaxation,2023,2025,nondeclining,staffed_and_total_both_decline,true,18
conservative_relaxation,2023,2025,nondeclining,staffed_and_unstaffed_both_increase,false,38
conservative_relaxation,2023,2025,nondeclining,staffed_and_unstaffed_both_increase,true,12
conservative_relaxation,2023,2025,nondeclining,total_hours_direction,decrease,20
conservative_relaxation,2023,2025,nondeclining,total_hours_direction,increase,29
conservative_relaxation,2023,2025,nondeclining,total_hours_direction,source_unidentified,1
published_accounting,2022,2025,all,no_library_staff_hours_direction,decrease,58
published_accounting,2022,2025,all,no_library_staff_hours_direction,increase,181
published_accounting,2022,2025,all,no_library_staff_hours_direction,source_unidentified,1
published_accounting,2022,2025,all,no_library_staff_hours_direction,unchanged,28
published_accounting,2022,2025,all,paid_fte_direction,decrease,132
published_accounting,2022,2025,all,paid_fte_direction,increase,97
published_accounting,2022,2025,all,paid_fte_direction,unchanged,39
published_accounting,2022,2025,all,staff_present_no_service_hours_direction,decrease,81
published_accounting,2022,2025,all,staff_present_no_service_hours_direction,increase,102
published_accounting,2022,2025,all,staff_present_no_service_hours_direction,source_unidentified,1
published_accounting,2022,2025,all,staff_present_no_service_hours_direction,unchanged,84
published_accounting,2022,2025,all,staff_service_hours_direction,decrease,202
published_accounting,2022,2025,all,staff_service_hours_direction,increase,65
published_accounting,2022,2025,all,staff_service_hours_direction,source_unidentified,1
published_accounting,2022,2025,all,staffed_and_total_both_decline,false,181
published_accounting,2022,2025,all,staffed_and_total_both_decline,true,87
published_accounting,2022,2025,all,staffed_and_unstaffed_both_increase,false,224
published_accounting,2022,2025,all,staffed_and_unstaffed_both_increase,true,44
published_accounting,2022,2025,all,total_hours_direction,decrease,98
published_accounting,2022,2025,all,total_hours_direction,increase,168
published_accounting,2022,2025,all,total_hours_direction,source_unidentified,1
published_accounting,2022,2025,all,total_hours_direction,unchanged,1
published_accounting,2022,2025,declining,no_library_staff_hours_direction,decrease,50
published_accounting,2022,2025,declining,no_library_staff_hours_direction,increase,141
published_accounting,2022,2025,declining,no_library_staff_hours_direction,unchanged,27
published_accounting,2022,2025,declining,paid_fte_direction,decrease,109
published_accounting,2022,2025,declining,paid_fte_direction,increase,76
published_accounting,2022,2025,declining,paid_fte_direction,unchanged,33
published_accounting,2022,2025,declining,staff_present_no_service_hours_direction,decrease,66
published_accounting,2022,2025,declining,staff_present_no_service_hours_direction,increase,85
published_accounting,2022,2025,declining,staff_present_no_service_hours_direction,unchanged,67
published_accounting,2022,2025,declining,staff_service_hours_direction,decrease,167
published_accounting,2022,2025,declining,staff_service_hours_direction,increase,51
published_accounting,2022,2025,declining,staffed_and_total_both_decline,false,146
published_accounting,2022,2025,declining,staffed_and_total_both_decline,true,72
published_accounting,2022,2025,declining,staffed_and_unstaffed_both_increase,false,186
published_accounting,2022,2025,declining,staffed_and_unstaffed_both_increase,true,32
published_accounting,2022,2025,declining,total_hours_direction,decrease,82
published_accounting,2022,2025,declining,total_hours_direction,increase,135
published_accounting,2022,2025,declining,total_hours_direction,unchanged,1
published_accounting,2022,2025,nondeclining,no_library_staff_hours_direction,decrease,8
published_accounting,2022,2025,nondeclining,no_library_staff_hours_direction,increase,40
published_accounting,2022,2025,nondeclining,no_library_staff_hours_direction,source_unidentified,1
published_accounting,2022,2025,nondeclining,no_library_staff_hours_direction,unchanged,1
published_accounting,2022,2025,nondeclining,paid_fte_direction,decrease,23
published_accounting,2022,2025,nondeclining,paid_fte_direction,increase,21
published_accounting,2022,2025,nondeclining,paid_fte_direction,unchanged,6
published_accounting,2022,2025,nondeclining,staff_present_no_service_hours_direction,decrease,15
published_accounting,2022,2025,nondeclining,staff_present_no_service_hours_direction,increase,17
published_accounting,2022,2025,nondeclining,staff_present_no_service_hours_direction,source_unidentified,1
published_accounting,2022,2025,nondeclining,staff_present_no_service_hours_direction,unchanged,17
published_accounting,2022,2025,nondeclining,staff_service_hours_direction,decrease,35
published_accounting,2022,2025,nondeclining,staff_service_hours_direction,increase,14
published_accounting,2022,2025,nondeclining,staff_service_hours_direction,source_unidentified,1
published_accounting,2022,2025,nondeclining,staffed_and_total_both_decline,false,35
published_accounting,2022,2025,nondeclining,staffed_and_total_both_decline,true,15
published_accounting,2022,2025,nondeclining,staffed_and_unstaffed_both_increase,false,38
published_accounting,2022,2025,nondeclining,staffed_and_unstaffed_both_increase,true,12
published_accounting,2022,2025,nondeclining,total_hours_direction,decrease,16
published_accounting,2022,2025,nondeclining,total_hours_direction,increase,33
published_accounting,2022,2025,nondeclining,total_hours_direction,source_unidentified,1
published_accounting,2023,2025,all,no_library_staff_hours_direction,decrease,75
published_accounting,2023,2025,all,no_library_staff_hours_direction,increase,163
published_accounting,2023,2025,all,no_library_staff_hours_direction,source_unidentified,1
published_accounting,2023,2025,all,no_library_staff_hours_direction,unchanged,29
published_accounting,2023,2025,all,paid_fte_direction,decrease,123
published_accounting,2023,2025,all,paid_fte_direction,increase,106
published_accounting,2023,2025,all,paid_fte_direction,unchanged,39
published_accounting,2023,2025,all,staff_present_no_service_hours_direction,decrease,80
published_accounting,2023,2025,all,staff_present_no_service_hours_direction,increase,93
published_accounting,2023,2025,all,staff_present_no_service_hours_direction,source_unidentified,1
published_accounting,2023,2025,all,staff_present_no_service_hours_direction,unchanged,94
published_accounting,2023,2025,all,staff_service_hours_direction,decrease,193
published_accounting,2023,2025,all,staff_service_hours_direction,increase,68
published_accounting,2023,2025,all,staff_service_hours_direction,source_unidentified,1
published_accounting,2023,2025,all,staff_service_hours_direction,unchanged,6
published_accounting,2023,2025,all,staffed_and_total_both_decline,false,159
published_accounting,2023,2025,all,staffed_and_total_both_decline,true,109
published_accounting,2023,2025,all,staffed_and_unstaffed_both_increase,false,221
published_accounting,2023,2025,all,staffed_and_unstaffed_both_increase,true,47
published_accounting,2023,2025,all,total_hours_direction,decrease,123
published_accounting,2023,2025,all,total_hours_direction,increase,139
published_accounting,2023,2025,all,total_hours_direction,source_unidentified,1
published_accounting,2023,2025,all,total_hours_direction,unchanged,5
published_accounting,2023,2025,declining,no_library_staff_hours_direction,decrease,66
published_accounting,2023,2025,declining,no_library_staff_hours_direction,increase,124
published_accounting,2023,2025,declining,no_library_staff_hours_direction,unchanged,28
published_accounting,2023,2025,declining,paid_fte_direction,decrease,105
published_accounting,2023,2025,declining,paid_fte_direction,increase,80
published_accounting,2023,2025,declining,paid_fte_direction,unchanged,33
published_accounting,2023,2025,declining,staff_present_no_service_hours_direction,decrease,64
published_accounting,2023,2025,declining,staff_present_no_service_hours_direction,increase,81
published_accounting,2023,2025,declining,staff_present_no_service_hours_direction,unchanged,73
published_accounting,2023,2025,declining,staff_service_hours_direction,decrease,160
published_accounting,2023,2025,declining,staff_service_hours_direction,increase,53
published_accounting,2023,2025,declining,staff_service_hours_direction,unchanged,5
published_accounting,2023,2025,declining,staffed_and_total_both_decline,false,127
published_accounting,2023,2025,declining,staffed_and_total_both_decline,true,91
published_accounting,2023,2025,declining,staffed_and_unstaffed_both_increase,false,183
published_accounting,2023,2025,declining,staffed_and_unstaffed_both_increase,true,35
published_accounting,2023,2025,declining,total_hours_direction,decrease,103
published_accounting,2023,2025,declining,total_hours_direction,increase,110
published_accounting,2023,2025,declining,total_hours_direction,unchanged,5
published_accounting,2023,2025,nondeclining,no_library_staff_hours_direction,decrease,9
published_accounting,2023,2025,nondeclining,no_library_staff_hours_direction,increase,39
published_accounting,2023,2025,nondeclining,no_library_staff_hours_direction,source_unidentified,1
published_accounting,2023,2025,nondeclining,no_library_staff_hours_direction,unchanged,1
published_accounting,2023,2025,nondeclining,paid_fte_direction,decrease,18
published_accounting,2023,2025,nondeclining,paid_fte_direction,increase,26
published_accounting,2023,2025,nondeclining,paid_fte_direction,unchanged,6
published_accounting,2023,2025,nondeclining,staff_present_no_service_hours_direction,decrease,16
published_accounting,2023,2025,nondeclining,staff_present_no_service_hours_direction,increase,12
published_accounting,2023,2025,nondeclining,staff_present_no_service_hours_direction,source_unidentified,1
published_accounting,2023,2025,nondeclining,staff_present_no_service_hours_direction,unchanged,21
published_accounting,2023,2025,nondeclining,staff_service_hours_direction,decrease,33
published_accounting,2023,2025,nondeclining,staff_service_hours_direction,increase,15
published_accounting,2023,2025,nondeclining,staff_service_hours_direction,source_unidentified,1
published_accounting,2023,2025,nondeclining,staff_service_hours_direction,unchanged,1
published_accounting,2023,2025,nondeclining,staffed_and_total_both_decline,false,32
published_accounting,2023,2025,nondeclining,staffed_and_total_both_decline,true,18
published_accounting,2023,2025,nondeclining,staffed_and_unstaffed_both_increase,false,38
published_accounting,2023,2025,nondeclining,staffed_and_unstaffed_both_increase,true,12
published_accounting,2023,2025,nondeclining,total_hours_direction,decrease,20
published_accounting,2023,2025,nondeclining,total_hours_direction,increase,29
published_accounting,2023,2025,nondeclining,total_hours_direction,source_unidentified,1
